ts,commit,bno,tps,pp,hit,model,args,test,hw,ok,build,md5,campaign,note,ppl,spp,n_gen,origin,env,cmd
2026-09-26,a3768a8b7,11214,27.45,,87.4,GLM-5.3-Flash-GSQ-RCO-3.0bit-q4kattn.gguf,,tetris,pc1,1,b11214-a3768a8,,,"imported  (no -dev, default order = same as pinned)",,,,fork,,
2026-09-26,d36eba405,11269,26.87,,87.1,GLM-5.3-Flash-GSQ-RCO-3.0bit-q4kattn.gguf,,tetris,pc1,1,b11269-d36eba4,,,"imported  (no -dev, default order = same as pinned)",,,,fork,,
2026-09-26,180e530d1,11275,26.8,,87.4,GLM-5.3-Flash-GSQ-RCO-3.0bit-q4kattn.gguf,,tetris,pc1,1,b11275-180e530,,,"imported  (dev build of this commit, -dev CUDA0,CUDA1)",,,,fork,,
2026-09-26,a3768a8b7,11214,27.54,,87.6,GLM-5.3-Flash-GSQ-RCO-3.0bit-q4kattn.gguf,,tetris,pc1,1,b11214-a3768a8,,,imported,,,,fork,,
2026-09-26,d36eba405,11269,25.77,,85.3,GLM-5.3-Flash-GSQ-RCO-3.0bit-q4kattn.gguf,,tetris,pc1,1,b11269-d36eba4,,,imported,,,,fork,,
2026-09-26,180e530d1,11275,25.75,,85.3,GLM-5.3-Flash-GSQ-RCO-3.0bit-q4kattn.gguf,,tetris,pc1,1,b11275-180e530,,,imported,,,,fork,,
2026-09-26,,,26.99,,87.1,GLM-5.3-Flash-GSQ-RCO-3.0bit-q4kattn.gguf,,tetris,pc1,1,dev-mixed,,,"imported | commit not recorded (dev-mixed, 2026-09-26)",,,,fork,,
2026-09-26,,,25.81,,85.3,GLM-5.3-Flash-GSQ-RCO-3.0bit-q4kattn.gguf,,tetris,pc1,1,dev-mixed,,,"imported | commit not recorded (dev-mixed, 2026-09-26)",,,,fork,,
2026-09-26,,,25.92,,86.6,GLM-5.3-Flash-GSQ-RCO-3.0bit-q4kattn.gguf,,tetris,pc1,1,dev-mixed,,,"imported | commit not recorded (dev-mixed, 2026-09-26)",,,,fork,,
2026-09-26,,,26.11,,86.6,GLM-5.3-Flash-GSQ-RCO-3.0bit-q4kattn.gguf,,tetris,pc1,1,dev-mixed,,,"imported | commit not recorded (dev-mixed, 2026-09-26)",,,,fork,,
2026-09-26,,,25.82,,85.3,GLM-5.3-Flash-GSQ-RCO-3.0bit-q4kattn.gguf,,tetris,pc1,1,dev-mixed,,,"imported | commit not recorded (dev-mixed, 2026-09-26)",,,,fork,,
2026-09-26,,,26.03,,86.6,GLM-5.3-Flash-GSQ-RCO-3.0bit-q4kattn.gguf,,tetris,pc1,1,dev-mixed,,,"imported | commit not recorded (dev-mixed, 2026-09-26)",,,,fork,,
2026-09-26,,,25.99,,86.8,GLM-5.3-Flash-GSQ-RCO-3.0bit-q4kattn.gguf,,tetris,pc1,1,dev-mixed,,,"imported | commit not recorded (dev-mixed, 2026-09-26)",,,,fork,,
2026-09-26,,,26.95,,87.3,GLM-5.3-Flash-GSQ-RCO-3.0bit-q4kattn.gguf,,tetris,pc1,1,dev-mixed,,,"imported | commit not recorded (dev-mixed, 2026-09-26)",,,,fork,,
2026-09-26,,,26.93,,87.6,GLM-5.3-Flash-GSQ-RCO-3.0bit-q4kattn.gguf,,tetris,pc1,1,dev-mixed,,,"imported | commit not recorded (dev-mixed, 2026-09-26)",,,,fork,,
2026-09-26,,,25.7,,85.5,GLM-5.3-Flash-GSQ-RCO-3.0bit-q4kattn.gguf,,tetris,pc1,1,dev-mixed,,,"imported | commit not recorded (dev-mixed, 2026-09-26)",,,,fork,,
2026-09-26,63ba64002,11222,27.02,,87,GLM-5.3-Flash-GSQ-RCO-3.0bit-q4kattn.gguf,,tetris,pc1,0,bis-63ba64002,,,imported   INVALID,,,,fork,,
2026-09-26,78f22e130,11223,25.14,,83.5,GLM-5.3-Flash-GSQ-RCO-3.0bit-q4kattn.gguf,,tetris,pc1,1,bis-78f22e130,,,imported,,,,fork,,
2026-09-26,63ba64002,11222,25.18,,83.5,GLM-5.3-Flash-GSQ-RCO-3.0bit-q4kattn.gguf,,tetris,pc1,0,bis-63ba64002,,,imported   INVALID,,,,fork,,
2026-09-26,78f22e130,11223,25.41,,84,GLM-5.3-Flash-GSQ-RCO-3.0bit-q4kattn.gguf,,tetris,pc1,1,bis-78f22e130,,,imported,,,,fork,,
2026-09-26,63ba64002,11222,25.11,,83.4,GLM-5.3-Flash-GSQ-RCO-3.0bit-q4kattn.gguf,,tetris,pc1,0,bis-63ba64002,,,imported   INVALID,,,,fork,,
2026-09-26,78f22e130,11223,26.37,,85.7,GLM-5.3-Flash-GSQ-RCO-3.0bit-q4kattn.gguf,,tetris,pc1,1,bis-78f22e130,,,imported,,,,fork,,
2026-09-26,a3768a8b7,11214,18.388,,69.1,GLM-5.3-Flash-GSQ-RCO-3.0bit-q4kattn.gguf,,ppl-wiki,pc1,1,b11214-a3768a8,,,imported,3.303,55.69,,fork,,
2026-09-26,180e530d1,11275,18.204,,69.3,GLM-5.3-Flash-GSQ-RCO-3.0bit-q4kattn.gguf,,ppl-wiki,pc1,1,b11275-180e530,,,imported,3.307,56.25,,fork,,
2026-09-26,a3768a8b7,11214,18.427,,69.2,GLM-5.3-Flash-GSQ-RCO-3.0bit-q4kattn.gguf,,ppl-wiki,pc1,1,b11214-a3768a8,,,imported,3.287,55.57,,fork,,
2026-09-26,180e530d1,11275,18.227,,69.2,GLM-5.3-Flash-GSQ-RCO-3.0bit-q4kattn.gguf,,ppl-wiki,pc1,1,b11275-180e530,,,imported,3.261,56.18,,fork,,
2026-09-26,,,29.1,,91.6,GLM-5.3-Flash-GSQ-RCO-3.0bit-q4kattn.gguf,,tetris,pc1,1,dev-mixed,,,"imported | commit not recorded (dev-mixed, 2026-09-26)",,,,fork,,
2026-09-26,,,29.39,,91.6,GLM-5.3-Flash-GSQ-RCO-3.0bit-q4kattn.gguf,,tetris,pc1,1,dev-mixed,,,"imported | commit not recorded (dev-mixed, 2026-09-26)",,,,fork,,
2026-09-26,63ba64002,11222,18.431,,69.1,GLM-5.3-Flash-GSQ-RCO-3.0bit-q4kattn.gguf,,ppl-wiki,pc1,1,bis-63ba64002,,,imported,3.263,55.56,,fork,,
2026-09-26,63ba64002,11222,26.21,,85.6,GLM-5.3-Flash-GSQ-RCO-3.0bit-q4kattn.gguf,,tetris,pc1,1,bis-63ba64002,4b116781,,imported,,,,fork,,
2026-09-26,78f22e130,11223,18.414,,69.1,GLM-5.3-Flash-GSQ-RCO-3.0bit-q4kattn.gguf,,ppl-wiki,pc1,1,bis-78f22e130,,,imported,3.284,55.61,,fork,,
2026-09-26,78f22e130,11223,27.27,,87.4,GLM-5.3-Flash-GSQ-RCO-3.0bit-q4kattn.gguf,,tetris,pc1,1,bis-78f22e130,4b116781,,imported,,,,fork,,
2026-09-26,35884d1df,11226,18.253,,69.2,GLM-5.3-Flash-GSQ-RCO-3.0bit-q4kattn.gguf,,ppl-wiki,pc1,1,bis-35884d1df,,,imported,3.3,56.1,,fork,,
2026-09-26,35884d1df,11226,26.13,,85.6,GLM-5.3-Flash-GSQ-RCO-3.0bit-q4kattn.gguf,,tetris,pc1,1,bis-35884d1df,1817cc1c,,imported,,,,fork,,
2026-09-26,,,18.185,,69.2,GLM-5.3-Flash-GSQ-RCO-3.0bit-q4kattn.gguf,,ppl-wiki,pc1,1,dev-mixed,,,"imported | commit not recorded (dev-mixed, 2026-09-26)",3.297,56.31,,fork,,
2026-09-26,,,28.34,,91.6,GLM-5.3-Flash-GSQ-RCO-3.0bit-q4kattn.gguf,,tetris,pc1,1,dev-mixed,1817cc1c,,"imported | commit not recorded (dev-mixed, 2026-09-26)",,,,fork,,
2026-09-26,da1a84931,11225,18.098,,69,GLM-5.3-Flash-GSQ-RCO-3.0bit-q4kattn.gguf,,ppl-wiki,pc1,1,bis-da1a84931,,,imported,3.275,56.58,,fork,,
2026-09-26,b76f08472,11224,18.127,,69.1,GLM-5.3-Flash-GSQ-RCO-3.0bit-q4kattn.gguf,,ppl-wiki,pc1,1,bis-b76f08472,,,imported,3.276,56.49,,fork,,
2026-09-26,d05dd19f5,11279,18.401,,69.2,GLM-5.3-Flash-GSQ-RCO-3.0bit-q4kattn.gguf,,ppl-wiki,pc1,1,b11279-d05dd19,,,imported; dev build after view fix,3.278,55.65,,fork,,
2026-09-26,d05dd19f5,11279,18.322,,69,GLM-5.3-Flash-GSQ-RCO-3.0bit-q4kattn.gguf,,ppl-wiki,pc1,1,b11279-d05dd19,,,imported; dev build after view fix,3.287,55.89,,fork,,
2026-09-26 09:45:18,40415b10a,11278,18.358,,69.1,GLM-5.3-Flash-GSQ-RCO-3.0bit-q4kattn.gguf,,ppl-wiki,pc1,1,b11279-d05dd19,,,,3.255,55.78,,fork,,"-t 6 --cpu-moe -nr --moe-expert-cache -1 -dev CUDA0,CUDA1 -f /p/bw/glm_12800_ctx_prompt.txt -c 1024 --chunks 2 -b 1 -ub 1"
2026-09-26 09:47:58,d05dd19f5,11279,18.434,,69.1,GLM-5.3-Flash-GSQ-RCO-3.0bit-q4kattn.gguf,,ppl-wiki,pc1,1,b11280-f7e7ea3,,,,3.262,55.55,,fork,,"-t 6 --cpu-moe -nr --moe-expert-cache -1 -dev CUDA0,CUDA1 -f /p/bw/glm_12800_ctx_prompt.txt -c 1024 --chunks 2 -b 1 -ub 1"
2026-09-26 09:49:55,d05dd19f5,11279,17.689,,67,GLM-5.3-Flash-GSQ-RCO-3.0bit-q4kattn.gguf,,ppl-wiki,pc1,1,b11280-f7e7ea3,,,,3.276,57.89,,fork,"{""LLAMA_MOE_CACHE_BUDGET"":""4"",""LLAMA_MOE_CACHE_MARGIN"":""4""}","-t 6 --cpu-moe -nr --moe-expert-cache -1 -dev CUDA0,CUDA1 -f /p/bw/glm_12800_ctx_prompt.txt -c 1024 --chunks 2 -b 1 -ub 1"
2026-09-26 09:51:52,d05dd19f5,11279,18.172,,69.6,GLM-5.3-Flash-GSQ-RCO-3.0bit-q4kattn.gguf,,ppl-wiki,pc1,1,b11280-f7e7ea3,,,,3.278,56.35,,fork,"{""LLAMA_MOE_CACHE_BUDGET"":""8"",""LLAMA_MOE_CACHE_MARGIN"":""4""}","-t 6 --cpu-moe -nr --moe-expert-cache -1 -dev CUDA0,CUDA1 -f /p/bw/glm_12800_ctx_prompt.txt -c 1024 --chunks 2 -b 1 -ub 1"
2026-09-26 09:53:51,d05dd19f5,11279,17.601,,68.5,GLM-5.3-Flash-GSQ-RCO-3.0bit-q4kattn.gguf,,ppl-wiki,pc1,1,b11280-f7e7ea3,,,,3.256,58.18,,fork,"{""LLAMA_MOE_CACHE_BUDGET"":""16"",""LLAMA_MOE_CACHE_MARGIN"":""4""}","-t 6 --cpu-moe -nr --moe-expert-cache -1 -dev CUDA0,CUDA1 -f /p/bw/glm_12800_ctx_prompt.txt -c 1024 --chunks 2 -b 1 -ub 1"
2026-09-26 09:55:49,d05dd19f5,11279,17.871,,69.5,GLM-5.3-Flash-GSQ-RCO-3.0bit-q4kattn.gguf,,ppl-wiki,pc1,1,b11280-f7e7ea3,,,,3.282,57.3,,fork,"{""LLAMA_MOE_CACHE_BUDGET"":""8"",""LLAMA_MOE_CACHE_MARGIN"":""2""}","-t 6 --cpu-moe -nr --moe-expert-cache -1 -dev CUDA0,CUDA1 -f /p/bw/glm_12800_ctx_prompt.txt -c 1024 --chunks 2 -b 1 -ub 1"
2026-09-26 09:57:49,d05dd19f5,11279,17.462,,64.6,GLM-5.3-Flash-GSQ-RCO-3.0bit-q4kattn.gguf,,ppl-wiki,pc1,1,b11280-f7e7ea3,,,,3.264,58.64,,fork,"{""LLAMA_MOE_CACHE_BUDGET"":""8"",""LLAMA_MOE_CACHE_MARGIN"":""8""}","-t 6 --cpu-moe -nr --moe-expert-cache -1 -dev CUDA0,CUDA1 -f /p/bw/glm_12800_ctx_prompt.txt -c 1024 --chunks 2 -b 1 -ub 1"
2026-09-26 09:59:28,d05dd19f5,11279,21.923,,81.7,GLM-5.3-Flash-GSQ-RCO-3.0bit-q4kattn.gguf,,ppl-wiki,pc1,1,b11280-f7e7ea3,,,,3.267,46.71,,fork,"{""LLAMA_MOE_CACHE_DETERMINISTIC"":""1""}","-t 6 --cpu-moe -nr --moe-expert-cache -1 -dev CUDA0,CUDA1 -f /p/bw/glm_12800_ctx_prompt.txt -c 1024 --chunks 2 -b 1 -ub 1"
2026-09-26 10:01:35,d05dd19f5,11279,18.269,,68.8,GLM-5.3-Flash-GSQ-RCO-3.0bit-q4kattn.gguf,,ppl-wiki,pc1,1,b11280-f7e7ea3,,,,3.269,56.05,,fork,"{""LLAMA_MOE_CACHE_SWAP_FRAC"":""0.15""}","-t 6 --cpu-moe -nr --moe-expert-cache -1 -dev CUDA0,CUDA1 -f /p/bw/glm_12800_ctx_prompt.txt -c 1024 --chunks 2 -b 1 -ub 1"
2026-09-26 10:03:30,d05dd19f5,11279,18.401,,69.3,GLM-5.3-Flash-GSQ-RCO-3.0bit-q4kattn.gguf,,ppl-wiki,pc1,1,b11280-f7e7ea3,,,,3.274,55.65,,fork,"{""LLAMA_MOE_CACHE_SWAP_FRAC"":""0.35""}","-t 6 --cpu-moe -nr --moe-expert-cache -1 -dev CUDA0,CUDA1 -f /p/bw/glm_12800_ctx_prompt.txt -c 1024 --chunks 2 -b 1 -ub 1"
2026-09-26 10:05:25,d05dd19f5,11279,18.414,,69.3,GLM-5.3-Flash-GSQ-RCO-3.0bit-q4kattn.gguf,,ppl-wiki,pc1,1,b11280-f7e7ea3,,,,3.302,55.61,,fork,"{""LLAMA_MOE_CACHE_SWAP_FRAC"":""0.5""}","-t 6 --cpu-moe -nr --moe-expert-cache -1 -dev CUDA0,CUDA1 -f /p/bw/glm_12800_ctx_prompt.txt -c 1024 --chunks 2 -b 1 -ub 1"
2026-09-26 10:08:28,a3768a8b7,11214,17.474,,65.8,GLM-5.3-Flash-GSQ-RCO-3.0bit-q4kattn.gguf,,ppl,pc1,1,b11214-a3768a8,,,,1.452,58.6,,fork,,"-t 6 --cpu-moe -nr --moe-expert-cache -1 -dev CUDA0,CUDA1 -f /p/bw/rels/longsrc.cpp -c 1024 --chunks 2 -b 1 -ub 1"
2026-09-26 10:10:27,f7e7ea3f6,11280,17.51,,65.9,GLM-5.3-Flash-GSQ-RCO-3.0bit-q4kattn.gguf,,ppl,pc1,1,b11281-8fdd103,,,,1.452,58.48,,fork,,"-t 6 --cpu-moe -nr --moe-expert-cache -1 -dev CUDA0,CUDA1 -f /p/bw/rels/longsrc.cpp -c 1024 --chunks 2 -b 1 -ub 1"
2026-09-26 10:12:12,f7e7ea3f6,11280,20.285,,76.5,GLM-5.3-Flash-GSQ-RCO-3.0bit-q4kattn.gguf,,ppl,pc1,1,b11281-8fdd103,,,,1.456,50.48,,fork,"{""LLAMA_MOE_CACHE_WAIT"":""1""}","-t 6 --cpu-moe -nr --moe-expert-cache -1 -dev CUDA0,CUDA1 -f /p/bw/rels/longsrc.cpp -c 1024 --chunks 2 -b 1 -ub 1"
2026-09-26 10:13:56,f7e7ea3f6,11280,20.653,,78.1,GLM-5.3-Flash-GSQ-RCO-3.0bit-q4kattn.gguf,,ppl,pc1,1,b11281-8fdd103,,,,1.44,49.58,,fork,"{""LLAMA_MOE_CACHE_DETERMINISTIC"":""1""}","-t 6 --cpu-moe -nr --moe-expert-cache -1 -dev CUDA0,CUDA1 -f /p/bw/rels/longsrc.cpp -c 1024 --chunks 2 -b 1 -ub 1"
2026-09-26 10:15:55,a3768a8b7,11214,15.502,162.126,54.4,GLM-5.3-Flash-GSQ-RCO-3.0bit-q4kattn.gguf,,pf12k,pc1,1,b11214-a3768a8,,,prompt_n=12416 prompt_s=76.6,,,32,fork,,"-t 6 -dev CUDA1,CUDA0 -c 16384 -ub 2048 -b 2048 --cpu-moe -nr --moe-expert-cache -1"
2026-09-26 10:17:19,f7e7ea3f6,11280,15.476,175.947,55.2,GLM-5.3-Flash-GSQ-RCO-3.0bit-q4kattn.gguf,,pf12k,pc1,1,b11281-8fdd103,,,prompt_n=12416 prompt_s=70.6,,,32,fork,,"-t 6 -dev CUDA1,CUDA0 -c 16384 -ub 2048 -b 2048 --cpu-moe -nr --moe-expert-cache -1"
2026-09-26 10:18:43,f7e7ea3f6,11280,15.139,176.686,52.9,GLM-5.3-Flash-GSQ-RCO-3.0bit-q4kattn.gguf,,pf12k,pc1,1,b11281-8fdd103,,,prompt_n=12416 prompt_s=70.3,,,32,fork,"{""LLAMA_MOE_CACHE_WAIT"":""1""}","-t 6 -dev CUDA1,CUDA0 -c 16384 -ub 2048 -b 2048 --cpu-moe -nr --moe-expert-cache -1"
2026-09-26 10:20:07,f7e7ea3f6,11280,12.28,214.561,,GLM-5.3-Flash-GSQ-RCO-3.0bit-q4kattn.gguf,,pf12k-stock,pc1,1,b11281-8fdd103,,,prompt_n=12416 prompt_s=57.9,,,32,fork,,"-t 6 -dev CUDA1,CUDA0 -c 16384 -ub 2048 -b 2048"
2026-09-26 10:20:57,a3768a8b7,11214,27.4,7.233,87.4,GLM-5.3-Flash-GSQ-RCO-3.0bit-q4kattn.gguf,,tetris,pc1,1,b11214-a3768a8,4b116781,,,,,1017,fork,,"-t 6 --cpu-moe -nr --moe-expert-cache -1 -dev CUDA0,CUDA1 -c 1024"
2026-09-26 10:21:46,f7e7ea3f6,11280,27.345,7.648,87.4,GLM-5.3-Flash-GSQ-RCO-3.0bit-q4kattn.gguf,,tetris,pc1,1,b11281-8fdd103,4b116781,,,,,1017,fork,,"-t 6 --cpu-moe -nr --moe-expert-cache -1 -dev CUDA0,CUDA1 -c 1024"
2026-09-26 10:22:34,f7e7ea3f6,11280,28.868,5.933,90.4,GLM-5.3-Flash-GSQ-RCO-3.0bit-q4kattn.gguf,,tetris,pc1,1,b11281-8fdd103,1817cc1c,,,,,1017,fork,"{""LLAMA_MOE_CACHE_WAIT"":""1""}","-t 6 --cpu-moe -nr --moe-expert-cache -1 -dev CUDA0,CUDA1 -c 1024"
2026-09-26 10:23:37,4fea119de,11041,24.621,491.471,,Qwen3.8-Flash-Next-UD-IQ4_XS-00001-of-00003.gguf,,pf12k,pc1,1,stock-b11041-4fea119,,,qwen,,,32,upstream,,"-t 6 -dev CUDA1,CUDA0 -c 16384 -ub 2048 -b 2048"
2026-09-26 10:24:27,a3768a8b7,11214,37.683,333.791,83.1,Qwen3.8-Flash-Next-UD-IQ4_XS-00001-of-00003.gguf,,pf12k,pc1,1,b11214-a3768a8,,,qwen,,,32,fork,,"-t 6 -dev CUDA1,CUDA0 -c 16384 -ub 2048 -b 2048 --cpu-moe -nr --moe-expert-cache -1"
2026-09-26 10:24:35,f7e7ea3f6,11280,,,,Qwen3.8-Flash-Next-UD-IQ4_XS-00001-of-00003.gguf,,pf12k,pc1,0,b11281-8fdd103,,,qwen,,,,fork,,
2026-09-26 10:24:43,f7e7ea3f6,11280,,,,Qwen3.8-Flash-Next-UD-IQ4_XS-00001-of-00003.gguf,,pf12k,pc1,0,b11281-8fdd103,,,qwen,,,,fork,"{""LLAMA_MOE_CACHE_WAIT"":""1""}",
2026-09-26 10:25:59,4fea119de,11041,27.484,38.494,,Qwen3.8-Flash-Next-UD-IQ4_XS-00001-of-00003.gguf,,chat,pc1,1,stock-b11041-4fea119,ee489325,,qwen,,,1500,upstream,,"-t 6 -nr -dev CUDA0,CUDA1 -c 4096"
2026-09-26 10:26:55,a3768a8b7,11214,32.634,15.513,79.2,Qwen3.8-Flash-Next-UD-IQ4_XS-00001-of-00003.gguf,,chat,pc1,1,b11214-a3768a8,6533b880,,qwen,,,1500,fork,,"-t 6 --cpu-moe -nr --moe-expert-cache -1 -dev CUDA0,CUDA1 -c 4096"
2026-09-26 10:27:04,f7e7ea3f6,11280,,,,Qwen3.8-Flash-Next-UD-IQ4_XS-00001-of-00003.gguf,,chat,pc1,0,b11281-8fdd103,,,qwen,,,,fork,,
2026-09-26 10:27:12,f7e7ea3f6,11280,,,,Qwen3.8-Flash-Next-UD-IQ4_XS-00001-of-00003.gguf,,chat,pc1,0,b11281-8fdd103,,,qwen | Remote end closed connection without response,,,,fork,"{""LLAMA_MOE_CACHE_WAIT"":""1""}",
2026-09-26 10:27:28,f7e7ea3f6,11280,,,,Qwen3.8-Flash-Next-UD-IQ4_XS-00001-of-00003.gguf,,chat,pc1,0,b11281-8fdd103,,,qwen-maxbatch1 | Remote end closed connection without response,,,,fork,"{""LLAMA_MOE_CACHE_MAX_BATCH"":""1""}",
2026-09-26 10:42:07,8fdd1039f,11281,19.857,,76.6,GLM-5.3-Flash-GSQ-RCO-3.0bit-q4kattn.gguf,,ppl,pc1,1,b11283-c4d2ba2,,,,1.442,51.57,,fork,,"-t 6 --cpu-moe -nr --moe-expert-cache -1 -dev CUDA0,CUDA1 -f /p/bw/rels/longsrc.cpp -c 1024 --chunks 2 -b 1 -ub 1"
2026-09-26 10:43:15,8fdd1039f,11281,36.871,272.053,81.7,Qwen3.8-Flash-Next-UD-IQ4_XS-00001-of-00003.gguf,,pf12k,pc1,1,b11283-c4d2ba2,,,qwen | prompt_n=13724 prompt_s=50.4,,,32,fork,,"-t 6 -dev CUDA1,CUDA0 -c 16384 -ub 2048 -b 2048 --cpu-moe -nr --moe-expert-cache -1"
2026-09-26 10:44:01,8fdd1039f,11281,45.062,11.129,95.3,Qwen3.8-Flash-Next-UD-IQ4_XS-00001-of-00003.gguf,,chat,pc1,1,b11283-c4d2ba2,b1da4916,,qwen,,,1500,fork,,"-t 6 --cpu-moe -nr --moe-expert-cache -1 -dev CUDA0,CUDA1 -c 4096"
2026-09-26 10:47:09,8fdd1039f,11281,13.454,12.24,,GLM-5.3-Flash-GSQ-RCO-3.0bit-q4kattn.gguf,,chat,pc1,1,b11283-c4d2ba2,84583c65,,glm-stock,,,1500,"fork (cache off, --plain)","{""plain"":""1""}","-t 6 -nr -dev CUDA0,CUDA1 -c 4096"
2026-09-26 10:48:37,8fdd1039f,11281,20.935,5.249,72.8,GLM-5.3-Flash-GSQ-RCO-3.0bit-q4kattn.gguf,,chat,pc1,1,b11283-c4d2ba2,91dd281f,,,,,1500,fork,,"-t 6 --cpu-moe -nr --moe-expert-cache -1 -dev CUDA0,CUDA1 -c 4096"
2026-09-26 10:53:32,4fea119de,11041,4.124,3.335,,MiMo-V2.6-Flash-RL-IQ3_XXS-00001-of-00008.gguf,-fitt 8000,chat,pc1,1,stock-b11041-4fea119,4153ac03,,,,,972,upstream,,"-t 6 -nr -dev CUDA0,CUDA1 -fitt 8000 -c 4096"
2026-09-26 10:54:15,8fdd1039f,11281,,,,MiMo-V2.6-Flash-RL-IQ3_XXS-00001-of-00008.gguf,-fitt 8000,chat,pc1,0,b11283-c4d2ba2,,,"server exited: 0 <main>, argc=19, argv=0x7fffc4a1feb8, init=<optimized out>, fini=<optimized out>, rtld_fini=<optimized out>, stack_end=0x7fffc4a1fea8) at ../csu/libc-start.c:360
warning: 360	../csu/libc-start.c: No such file or directory
#14 0x00005e5e2f8d22a5 in _start ()
[Inferior 1 (process 2502",,,,fork,,
2026-09-26 10:54:59,4fea119de,11041,44.652,155.412,,Qwen3.8-27B-IQ4_NL.gguf,,chat,pc1,1,stock-b11041-4fea119,60474193,,,,,1500,upstream,,"-t 6 -nr -dev CUDA0,CUDA1 -c 4096"
2026-09-26 10:55:39,8fdd1039f,11281,44.771,165.227,,Qwen3.8-27B-IQ4_NL.gguf,,chat,pc1,1,b11283-c4d2ba2,60474193,,,,,1500,"fork (cache off, --plain)","{""plain"":""1""}","-t 6 -nr -dev CUDA0,CUDA1 -c 4096"
2026-09-26 10:55:47,4fea119de,11041,503.541,190.156,,OLMoE-1B-7B-0924-Instruct-Q4_K_M.gguf,,chat,pc1,1,stock-b11041-4fea119,159e2c51,,,,,604,upstream,,"-t 6 -nr -dev CUDA0,CUDA1 -c 4096"
2026-09-26 10:55:51,8fdd1039f,11281,504.181,200.814,,OLMoE-1B-7B-0924-Instruct-Q4_K_M.gguf,,chat,pc1,1,b11283-c4d2ba2,159e2c51,,,,,604,"fork (cache off, --plain)","{""plain"":""1""}","-t 6 -nr -dev CUDA0,CUDA1 -c 4096"
2026-09-26 10:57:47,8fdd1039f,11281,12.205,216.364,,GLM-5.3-Flash-GSQ-RCO-3.0bit-q4kattn.gguf,,pf12k,pc1,1,b11283-c4d2ba2,,,glm-stock | prompt_n=12416 prompt_s=57.4,,,32,"fork (cache off, --plain)","{""plain"":""1""}","-t 6 -dev CUDA1,CUDA0 -c 16384 -ub 2048 -b 2048"
2026-09-26 10:59:10,8fdd1039f,11281,15.225,177.688,54.5,GLM-5.3-Flash-GSQ-RCO-3.0bit-q4kattn.gguf,,pf12k,pc1,1,b11283-c4d2ba2,,,prompt_n=12416 prompt_s=69.9,,,32,fork,,"-t 6 -dev CUDA1,CUDA0 -c 16384 -ub 2048 -b 2048 --cpu-moe -nr --moe-expert-cache -1"
2026-09-26 11:01:28,4fea119de,11041,4.194,179.311,,MiMo-V2.6-Flash-RL-IQ3_XXS-00001-of-00008.gguf,-fitt 8000,pf12k,pc1,1,stock-b11041-4fea119,,,prompt_n=12454 prompt_s=69.5,,,32,upstream,,"-t 6 -dev CUDA1,CUDA0 -c 16384 -ub 2048 -b 2048 -fitt 8000"
2026-09-26 11:02:02,8fdd1039f,11281,,,,MiMo-V2.6-Flash-RL-IQ3_XXS-00001-of-00008.gguf,-fitt 8000,pf12k,pc1,0,b11283-c4d2ba2,,,"server exited: 0 <main>, argc=23, argv=0x7ffc146cc308, init=<optimized out>, fini=<optimized out>, rtld_fini=<optimized out>, stack_end=0x7ffc146cc2f8) at ../csu/libc-start.c:360
warning: 360	../csu/libc-start.c: No such file or directory
#14 0x000059faaab1a2a5 in _start ()
[Inferior 1 (process 2508",,,,fork,,
2026-09-26 11:02:22,4fea119de,11041,41.446,1726.41,,Qwen3.8-27B-IQ4_NL.gguf,,pf12k,pc1,1,stock-b11041-4fea119,,,prompt_n=13724 prompt_s=7.9,,,32,upstream,,"-t 6 -dev CUDA1,CUDA0 -c 16384 -ub 2048 -b 2048"
2026-09-26 11:02:36,8fdd1039f,11281,42.237,1811.072,,Qwen3.8-27B-IQ4_NL.gguf,,pf12k,pc1,1,b11283-c4d2ba2,,,prompt_n=13724 prompt_s=7.6,,,32,"fork (cache off, --plain)","{""plain"":""1""}","-t 6 -dev CUDA1,CUDA0 -c 16384 -ub 2048 -b 2048"
2026-09-26 11:02:41,4fea119de,11041,,,,OLMoE-1B-7B-0924-Instruct-Q4_K_M.gguf,,pf12k,pc1,0,stock-b11041-4fea119,,,HTTP Error 400: Bad Request,,,,upstream,,
2026-09-26 11:02:43,8fdd1039f,11281,,,,OLMoE-1B-7B-0924-Instruct-Q4_K_M.gguf,,pf12k,pc1,0,b11283-c4d2ba2,,,HTTP Error 400: Bad Request,,,,"fork (cache off, --plain)","{""plain"":""1""}",
2026-09-26 11:13:08,3c6c8e08f,11284,21.872,5.519,75.2,GLM-5.3-Flash-GSQ-RCO-3.0bit-q4kattn.gguf,,chat,pc1,1,b11285-fa26a59,ef6ec95c,,,,,1500,fork,,"-t 6 --cpu-moe -nr --moe-expert-cache -1 -dev CUDA0,CUDA1 -c 4096"
2026-09-26 11:14:31,3c6c8e08f,11284,15.482,179.381,53.8,GLM-5.3-Flash-GSQ-RCO-3.0bit-q4kattn.gguf,,pf12k,pc1,1,b11285-fa26a59,,,prompt_n=12416 prompt_s=69.2,,,32,fork,,"-t 6 -dev CUDA1,CUDA0 -c 16384 -ub 2048 -b 2048 --cpu-moe -nr --moe-expert-cache -1"
2026-09-26 11:15:32,3c6c8e08f,11284,40.879,7.743,95.3,Qwen3.8-Flash-Next-UD-IQ4_XS-00001-of-00003.gguf,,chat,pc1,1,b11285-fa26a59,bbc9dcf5,,,,,1500,fork,,"-t 6 --cpu-moe -nr --moe-expert-cache -1 -dev CUDA0,CUDA1 -c 4096"
2026-09-26 11:16:25,3c6c8e08f,11284,38.285,313.139,82.4,Qwen3.8-Flash-Next-UD-IQ4_XS-00001-of-00003.gguf,,pf12k,pc1,1,b11285-fa26a59,,,prompt_n=13724 prompt_s=43.8,,,32,fork,,"-t 6 -dev CUDA1,CUDA0 -c 16384 -ub 2048 -b 2048 --cpu-moe -nr --moe-expert-cache -1"
2026-09-26 11:18:52,3c6c8e08f,11284,9.397,1.988,71.2,MiMo-V2.6-Flash-RL-IQ3_XXS-00001-of-00008.gguf,,chat,pc1,1,b11285-fa26a59,5d4bdda3,,,,,881,fork,,"-t 6 --cpu-moe -nr --moe-expert-cache -1 -dev CUDA0,CUDA1 -c 4096"
2026-09-26 11:21:00,3c6c8e08f,11284,9.67,138.895,55.7,MiMo-V2.6-Flash-RL-IQ3_XXS-00001-of-00008.gguf,,pf12k,pc1,1,b11285-fa26a59,,,prompt_n=12454 prompt_s=89.7,,,32,fork,,"-t 6 -dev CUDA1,CUDA0 -c 16384 -ub 2048 -b 2048 --cpu-moe -nr --moe-expert-cache -1"
2026-09-26 11:23:10,4fea119de,11041,4.205,153.083,,MiMo-V2.6-Flash-RL-IQ3_XXS-00001-of-00008.gguf,-fitt 8000,pf12k,pc1,1,stock-b11041-4fea119,,,prompt_n=12454 prompt_s=81.4,,,32,upstream,,"-t 6 -dev CUDA1,CUDA0 -c 16384 -ub 2048 -b 2048 -fitt 8000"
2026-09-26 11:24:25,3c6c8e08f,11284,37.977,247.541,82.8,Qwen3.8-Flash-Next-UD-IQ4_XS-00001-of-00003.gguf,,pf12k,pc1,1,b11285-fa26a59,,,qwen-toggle | prompt_n=13724 prompt_s=55.4,,,32,fork,"{""LLAMA_MOE_CACHE_PREFILL_D2D"":""0""}","-t 6 -dev CUDA1,CUDA0 -c 16384 -ub 2048 -b 2048 --cpu-moe -nr --moe-expert-cache -1"
2026-09-26 11:25:09,3c6c8e08f,11284,37.692,390.302,82.5,Qwen3.8-Flash-Next-UD-IQ4_XS-00001-of-00003.gguf,,pf12k,pc1,1,b11285-fa26a59,,,qwen-toggle | prompt_n=13724 prompt_s=35.2,,,32,fork,"{""LLAMA_MOE_CACHE_WAIT"":""0""}","-t 6 -dev CUDA1,CUDA0 -c 16384 -ub 2048 -b 2048 --cpu-moe -nr --moe-expert-cache -1"
2026-09-26 11:25:58,a3768a8b7,11214,38.296,330.903,82.3,Qwen3.8-Flash-Next-UD-IQ4_XS-00001-of-00003.gguf,,pf12k,pc1,1,b11214-a3768a8,,,rel1-again | prompt_n=13724 prompt_s=41.5,,,32,fork,,"-t 6 -dev CUDA1,CUDA0 -c 16384 -ub 2048 -b 2048 --cpu-moe -nr --moe-expert-cache -1"
2026-09-26 11:26:26,3c6c8e08f,11284,80.377,,97.1,Qwen3.8-Flash-Next-UD-IQ4_XS-00001-of-00003.gguf,,ppl3,pc1,1,b11285-fa26a59,,,,1.122,12.74,,fork,,"-t 6 --cpu-moe -nr --moe-expert-cache -1 -dev CUDA0,CUDA1 -f /p/bw/rels/longsrc.cpp -c 1024 --chunks 2 -b 3 -ub 3"
2026-09-26 11:27:30,3c6c8e08f,11284,44.853,,,Qwen3.8-Flash-Next-UD-IQ4_XS-00001-of-00003.gguf,,ppl3,pc1,1,b11285-fa26a59,,,,1.129,22.83,,"fork (cache off, --plain)","{""plain"":""1""}","-t 6 -nr -dev CUDA0,CUDA1 -f /p/bw/rels/longsrc.cpp -c 1024 --chunks 2 -b 3 -ub 3"
2026-09-26 11:29:18,3c6c8e08f,11284,27.691,,76.4,GLM-5.3-Flash-GSQ-RCO-3.0bit-q4kattn.gguf,,ppl3,pc1,1,b11285-fa26a59,,,,1.467,36.98,,fork,,"-t 6 --cpu-moe -nr --moe-expert-cache -1 -dev CUDA0,CUDA1 -f /p/bw/rels/longsrc.cpp -c 1024 --chunks 2 -b 3 -ub 3"
2026-09-26 11:31:25,3c6c8e08f,11284,19.606,,,GLM-5.3-Flash-GSQ-RCO-3.0bit-q4kattn.gguf,,ppl3,pc1,1,b11285-fa26a59,,,,1.45,52.23,,"fork (cache off, --plain)","{""plain"":""1""}","-t 6 -nr -dev CUDA0,CUDA1 -f /p/bw/rels/longsrc.cpp -c 1024 --chunks 2 -b 3 -ub 3"
2026-09-26 11:39:13,fa26a5926,11285,15.557,178.979,54.5,GLM-5.3-Flash-GSQ-RCO-3.0bit-q4kattn.gguf,,pf12k,pc1,1,dev,,,qwen-prefill-wait-fix | prompt_n=12416 prompt_s=69.4,,,32,fork,,"-t 6 -dev CUDA1,CUDA0 -c 16384 -ub 2048 -b 2048 --cpu-moe -nr --moe-expert-cache -1"
2026-09-26 11:40:23,fa26a5926,11285,39.404,293.622,84.3,Qwen3.8-Flash-Next-UD-IQ4_XS-00001-of-00003.gguf,,pf12k,pc1,1,dev,,,qwen-prefill-wait-fix | prompt_n=13724 prompt_s=46.7,,,32,fork,,"-t 6 -dev CUDA1,CUDA0 -c 16384 -ub 2048 -b 2048 --cpu-moe -nr --moe-expert-cache -1"
2026-09-26 11:42:59,fa26a5926,11285,16.075,,77.4,GLM-5.3-Flash-GSQ-RCO-3.0bit-q4kattn.gguf,,ppl,pc1,1,dev,,,,1.458,63.7,,fork,,"-t 6 --cpu-moe -nr --moe-expert-cache -1 -dev CUDA0,CUDA1 -f /p/bw/rels/longsrc.cpp -c 1024 --chunks 2 -b 1 -ub 1"
2026-09-26 11:45:09,3c6c8e08f,11284,20.62,,77.2,GLM-5.3-Flash-GSQ-RCO-3.0bit-q4kattn.gguf,,ppl,pc1,1,b11285-fa26a59,,,,1.455,49.66,,fork,,"-t 6 --cpu-moe -nr --moe-expert-cache -1 -dev CUDA0,CUDA1 -f /p/bw/rels/longsrc.cpp -c 1024 --chunks 2 -b 1 -ub 1"
2026-09-26 11:48:42,c4d2ba276,11283,20.431,,76.6,GLM-5.3-Flash-GSQ-RCO-3.0bit-q4kattn.gguf,,ppl,pc1,1,b11284-3c6c8e0,,,,1.456,50.12,,fork,,"-t 6 --cpu-moe -nr --moe-expert-cache -1 -dev CUDA0,CUDA1 -f /p/bw/rels/longsrc.cpp -c 1024 --chunks 2 -b 1 -ub 1"
2026-09-26 11:50:28,3c6c8e08f,11284,20.583,,77.3,GLM-5.3-Flash-GSQ-RCO-3.0bit-q4kattn.gguf,,ppl,pc1,1,b11285-fa26a59,,,,1.456,49.75,,fork,,"-t 6 --cpu-moe -nr --moe-expert-cache -1 -dev CUDA0,CUDA1 -f /p/bw/rels/longsrc.cpp -c 1024 --chunks 2 -b 1 -ub 1"
2026-09-26 11:52:14,fa26a5926,11285,20.558,,77.2,GLM-5.3-Flash-GSQ-RCO-3.0bit-q4kattn.gguf,,ppl,pc1,1,dev,,,,1.454,49.81,,fork,,"-t 6 --cpu-moe -nr --moe-expert-cache -1 -dev CUDA0,CUDA1 -f /p/bw/rels/longsrc.cpp -c 1024 --chunks 2 -b 1 -ub 1"
2026-09-26 12:04:55,756d9b65f,11287,12.592,7.051,,GLM-5.3-Flash-GSQ-RCO-3.0bit-q4kattn.gguf,,tetris,pc1,1,b11287-756d9b6,4b116781,,hfcard,,,1017,"fork (cache off, --plain)","{""plain"":""1""}","-t 6 -nr -dev CUDA0,CUDA1 -c 1024"
2026-09-26 12:07:58,756d9b65f,11287,12.233,8.557,,GLM-5.3-Flash-GSQ-RCO-3.0bit.gguf,,chat,pc1,1,b11287-756d9b6,41b2308d,,hfcard-orig,,,1500,"fork (cache off, --plain)","{""plain"":""1""}","-t 6 -nr -dev CUDA0,CUDA1 -c 4096"
2026-09-26 12:09:37,756d9b65f,11287,18.423,5.301,70.9,GLM-5.3-Flash-GSQ-RCO-3.0bit.gguf,,chat,pc1,1,b11287-756d9b6,ac8d5046,,hfcard-orig,,,1500,fork,,"-t 6 --cpu-moe -nr --moe-expert-cache -1 -dev CUDA0,CUDA1 -c 4096"
2026-09-26 12:11:40,756d9b65f,11287,19.938,5.022,71.9,GLM-5.3-Flash-GSQ-RCO-3.0bit-q4kattn.gguf,,chat,pc1,1,b11287-756d9b6,15d1e6dd,,hfcard,,,1500,fork,,"-t 6 --cpu-moe -nr --moe-expert-cache -1 -dev CUDA0,CUDA1 -c 4096"
2026-09-26 12:13:43,756d9b65f,11287,11.091,206.668,,GLM-5.3-Flash-GSQ-RCO-3.0bit.gguf,,pf12k,pc1,1,b11287-756d9b6,,,hfcard-orig | prompt_n=12416 prompt_s=60.1,,,32,"fork (cache off, --plain)","{""plain"":""1""}","-t 6 -dev CUDA1,CUDA0 -c 16384 -ub 2048 -b 2048"
2026-09-26 12:15:08,756d9b65f,11287,14.597,177.184,54.4,GLM-5.3-Flash-GSQ-RCO-3.0bit.gguf,,pf12k,pc1,1,b11287-756d9b6,,,hfcard-orig | prompt_n=12416 prompt_s=70.1,,,32,fork,,"-t 6 -dev CUDA1,CUDA0 -c 16384 -ub 2048 -b 2048 --cpu-moe -nr --moe-expert-cache -1"
2026-09-26 12:20:00,756d9b65f,11287,13.816,15.992,,GLM-5.3-Flash-GSQ-RCO-3.0bit-q4kattn.gguf,,chat,pc1,1,b11287-756d9b6,84583c65,,hot,,,1500,"fork (cache off, --plain)","{""plain"":""1""}","-t 6 -nr -dev CUDA0,CUDA1 -c 4096"
2026-09-26 12:21:34,756d9b65f,11287,21.519,5.495,74,GLM-5.3-Flash-GSQ-RCO-3.0bit-q4kattn.gguf,,chat,pc1,1,b11287-756d9b6,24fcd4ea,,hot,,,1500,fork,,"-t 6 --cpu-moe -nr --moe-expert-cache -1 -dev CUDA0,CUDA1 -c 4096"
2026-09-26 12:23:06,756d9b65f,11287,12.307,216.621,,GLM-5.3-Flash-GSQ-RCO-3.0bit-q4kattn.gguf,,pf12k,pc1,1,b11287-756d9b6,,,hot | prompt_n=12416 prompt_s=57.3,,,32,"fork (cache off, --plain)","{""plain"":""1""}","-t 6 -dev CUDA1,CUDA0 -c 16384 -ub 2048 -b 2048"
2026-09-26 12:24:37,756d9b65f,11287,15.694,180.906,55.2,GLM-5.3-Flash-GSQ-RCO-3.0bit-q4kattn.gguf,,pf12k,pc1,1,b11287-756d9b6,,,hot | prompt_n=12416 prompt_s=68.6,,,32,fork,,"-t 6 -dev CUDA1,CUDA0 -c 16384 -ub 2048 -b 2048 --cpu-moe -nr --moe-expert-cache -1"
2026-09-26 12:28:08,756d9b65f,11287,12.488,14.568,,GLM-5.3-Flash-GSQ-RCO-3.0bit.gguf,,chat,pc1,1,b11287-756d9b6,41b2308d,,hot,,,1500,"fork (cache off, --plain)","{""plain"":""1""}","-t 6 -nr -dev CUDA0,CUDA1 -c 4096"
2026-09-26 12:29:54,756d9b65f,11287,18.534,5.538,70.2,GLM-5.3-Flash-GSQ-RCO-3.0bit.gguf,,chat,pc1,1,b11287-756d9b6,230f596b,,hot,,,1500,fork,,"-t 6 --cpu-moe -nr --moe-expert-cache -1 -dev CUDA0,CUDA1 -c 4096"
2026-09-26 12:31:29,756d9b65f,11287,11.229,209.237,,GLM-5.3-Flash-GSQ-RCO-3.0bit.gguf,,pf12k,pc1,1,b11287-756d9b6,,,hot | prompt_n=12416 prompt_s=59.3,,,32,"fork (cache off, --plain)","{""plain"":""1""}","-t 6 -dev CUDA1,CUDA0 -c 16384 -ub 2048 -b 2048"
2026-09-26 12:33:03,756d9b65f,11287,14.707,177.496,55,GLM-5.3-Flash-GSQ-RCO-3.0bit.gguf,,pf12k,pc1,1,b11287-756d9b6,,,hot | prompt_n=12416 prompt_s=70.0,,,32,fork,,"-t 6 -dev CUDA1,CUDA0 -c 16384 -ub 2048 -b 2048 --cpu-moe -nr --moe-expert-cache -1"
2026-09-26 12:34:33,4fea119de,11041,27.728,36.752,,Qwen3.8-Flash-Next-UD-IQ4_XS-00001-of-00003.gguf,,chat,pc1,1,stock-b11041-4fea119,ee489325,,hot,,,1500,upstream,,"-t 6 -nr -dev CUDA0,CUDA1 -c 4096"
2026-09-26 12:35:17,756d9b65f,11287,46.401,11.246,95.2,Qwen3.8-Flash-Next-UD-IQ4_XS-00001-of-00003.gguf,,chat,pc1,1,b11287-756d9b6,13a114e3,,hot,,,1500,fork,,"-t 6 --cpu-moe -nr --moe-expert-cache -1 -dev CUDA0,CUDA1 -c 4096"
2026-09-26 12:36:05,4fea119de,11041,25.333,500.448,,Qwen3.8-Flash-Next-UD-IQ4_XS-00001-of-00003.gguf,,pf12k,pc1,1,stock-b11041-4fea119,,,hot | prompt_n=13724 prompt_s=27.4,,,32,upstream,,"-t 6 -dev CUDA1,CUDA0 -c 16384 -ub 2048 -b 2048"
2026-09-26 12:36:48,756d9b65f,11287,38.701,389.693,82.9,Qwen3.8-Flash-Next-UD-IQ4_XS-00001-of-00003.gguf,,pf12k,pc1,1,b11287-756d9b6,,,hot | prompt_n=13724 prompt_s=35.2,,,32,fork,,"-t 6 -dev CUDA1,CUDA0 -c 16384 -ub 2048 -b 2048 --cpu-moe -nr --moe-expert-cache -1"
2026-09-26 12:42:01,4fea119de,11041,3.978,2.202,,MiMo-V2.6-Flash-RL-IQ3_XXS-00001-of-00008.gguf,-fitt 8000,chat,pc1,1,stock-b11041-4fea119,4153ac03,,hot,,,972,upstream,,"-t 6 -nr -dev CUDA0,CUDA1 -fitt 8000 -c 4096"
2026-09-26 12:44:14,756d9b65f,11287,10.119,1.438,71.4,MiMo-V2.6-Flash-RL-IQ3_XXS-00001-of-00008.gguf,,chat,pc1,1,b11287-756d9b6,9764ccce,,hot,,,900,fork,,"-t 6 --cpu-moe -nr --moe-expert-cache -1 -dev CUDA0,CUDA1 -c 4096"
2026-09-26 12:46:48,4fea119de,11041,4.222,136.268,,MiMo-V2.6-Flash-RL-IQ3_XXS-00001-of-00008.gguf,-fitt 8000,pf12k,pc1,1,stock-b11041-4fea119,,,hot | prompt_n=12454 prompt_s=91.4,,,32,upstream,,"-t 6 -dev CUDA1,CUDA0 -c 16384 -ub 2048 -b 2048 -fitt 8000"
2026-09-26 12:49:09,756d9b65f,11287,8.291,132.749,55.5,MiMo-V2.6-Flash-RL-IQ3_XXS-00001-of-00008.gguf,,pf12k,pc1,1,b11287-756d9b6,,,hot | prompt_n=12454 prompt_s=93.8,,,32,fork,,"-t 6 -dev CUDA1,CUDA0 -c 16384 -ub 2048 -b 2048 --cpu-moe -nr --moe-expert-cache -1"
2026-09-26 13:03:00,492e99fdc,11289,18.903,5.969,66.8,GLM-5.3-Flash-GSQ-RCO-3.0bit-q4kattn.gguf,,chat,pc1,1,b11289-492e99f,c1d05c5e,,rel11289,,,1500,fork,"{""bare"":""1""}",-c 4096
2026-09-26 13:06:45,492e99fdc,11289,13.452,5.096,65.3,GLM-5.3-Flash-GSQ-RCO-3.0bit-q4kattn.gguf,,pf12k,pc1,1,b11289-492e99f,70f499ae,,rel11289,,,1500,fork,"{""bare"":""1""}",-c 4096
2026-09-26 13:07:36,492e99fdc,11289,26.787,4.871,86.8,GLM-5.3-Flash-GSQ-RCO-3.0bit-q4kattn.gguf,,tetris,pc1,1,b11289-8224c7b,1817cc1c,,verify,,,1017,fork,"{""bare"":""1""}",-c 1024
2026-09-26 13:08:33,756d9b65f,11287,28.978,4.765,90.5,GLM-5.3-Flash-GSQ-RCO-3.0bit-q4kattn.gguf,,tetris,pc1,1,b11287-756d9b6,1817cc1c,,verify,,,1017,fork,,"-t 6 --cpu-moe -nr --moe-expert-cache -1 -dev CUDA0,CUDA1 -c 1024"
2026-09-26 13:09:46,492e99fdc,11289,26.72,6.149,86.6,GLM-5.3-Flash-GSQ-RCO-3.0bit-q4kattn.gguf,-ub 512,tetris,pc1,1,b11289-8224c7b,1817cc1c,,verify,,,1017,fork,"{""bare"":""1""}",-ub 512 -c 1024
2026-09-26 13:10:51,492e99fdc,11289,27.005,6.153,87.2,GLM-5.3-Flash-GSQ-RCO-3.0bit-q4kattn.gguf,-np 1,tetris,pc1,1,b11289-8224c7b,1817cc1c,,verify,,,1017,fork,"{""bare"":""1""}",-np 1 -c 1024
2026-09-26 13:11:49,492e99fdc,11289,28.618,4.7,90.3,GLM-5.3-Flash-GSQ-RCO-3.0bit-q4kattn.gguf,"-dev CUDA0,CUDA1",tetris,pc1,1,b11289-8224c7b,1817cc1c,,verify,,,1017,fork,"{""bare"":""1""}","-dev CUDA0,CUDA1 -c 1024"
2026-09-26 13:13:16,492e99fdc,11289,26.638,6.145,86.5,GLM-5.3-Flash-GSQ-RCO-3.0bit-q4kattn.gguf,,tetris,pc1,1,b11289-8224c7b,1817cc1c,,verify,,,1017,fork,"{""bare"":""1""}",-c 1024
2026-09-26 13:15:49,8224c7bb4,11290,28.395,5.957,89.9,GLM-5.3-Flash-GSQ-RCO-3.0bit-q4kattn.gguf,,tetris,pc1,1,b11290-b6ba5c4,1817cc1c,,verify,,,1017,fork,"{""bare"":""1""}",-c 1024
2026-09-26 13:18:52,8224c7bb4,11290,20.233,5.482,71.3,GLM-5.3-Flash-GSQ-RCO-3.0bit-q4kattn.gguf,,pf12k,pc1,1,b11290-b6ba5c4,30ed2dc7,,verify,,,1500,fork,"{""bare"":""1""}",-c 4096
2026-09-26 13:20:42,8224c7bb4,11290,15.074,179.174,58.3,GLM-5.3-Flash-GSQ-RCO-3.0bit-q4kattn.gguf,,pf12k,pc1,1,b11290-b6ba5c4,,,verify | prompt_n=12416 prompt_s=69.3,,,32,fork,"{""bare"":""1""}",
2026-09-26 13:32:59,fea377a70,11295,28.929,6.054,90.4,GLM-5.3-Flash-GSQ-RCO-3.0bit-q4kattn.gguf,-ub 500,tetris,pc1,1,b11295-fea377a,1817cc1c,,ubcheck,,,1017,fork,"{""bare"":""1""}",-ub 500 -c 1024
2026-09-26 13:33:57,fea377a70,11295,28.57,5.961,90.2,GLM-5.3-Flash-GSQ-RCO-3.0bit-q4kattn.gguf,,tetris,pc1,1,b11295-fea377a,1817cc1c,,ubcheck,,,1017,fork,"{""bare"":""1""}",-c 1024
2026-09-26 13:38:45,fc23325a8,11297,28.456,5.973,89.9,GLM-5.3-Flash-GSQ-RCO-3.0bit-q4kattn.gguf,,tetris,pc1,1,b11297-fc23325,1817cc1c,,rel,,,1017,fork,"{""bare"":""1""}",-c 1024
2026-09-26 13:40:19,fc23325a8,11297,15.65,177.79,58.1,GLM-5.3-Flash-GSQ-RCO-3.0bit-q4kattn.gguf,,pf12k,pc1,1,b11297-fc23325,,,rel | prompt_n=12416 prompt_s=69.8,,,32,fork,"{""bare"":""1""}",
2026-09-26 13:55:36,de4b7e1ac,11312,40.624,8.603,95,Qwen3.8-Flash-Next-UD-IQ4_XS-00001-of-00003.gguf,,chat,pc1,1,mtp-dev,fea4765a,,mtp-base,,,1500,fork,"{""bare"":""1""}",-c 4096
2026-09-26 13:55:44,de4b7e1ac,11312,,,,Qwen3.8-Flash-Next-UD-IQ4_XS-00001-of-00003.gguf,-md /m/q/4/mtp-Qwen3.8-Flash-Next-shared-Q8_0.gguf --spec-type draft-mtp --spec-draft-n-max 5,chat,pc1,0,mtp-dev,,,"mtp | server exited: aft model, '/m/q/4/mtp-Qwen3.8-Flash-Next-shared-Q8_0.gguf'
0.06.903.473 I srv    operator(): operator(): cleaning up before exit...
0.06.904.182 E srv  llama_server: exiting due to model loading error
0.06.904.362 W moe-cache: steps=1 hits=0 misses=950 hit-rate=0.0%, prefill experts ",,,,fork,"{""bare"":""1""}",
2026-09-26 13:57:36,8ce436e13,11313,46.489,14.24,95.1,Qwen3.8-Flash-Next-UD-IQ4_XS-00001-of-00003.gguf,,chat,pc1,1,mtp-dev,29152468,,mtp-base,,,1500,fork,"{""bare"":""1""}",-c 4096
2026-09-26 13:57:45,8ce436e13,11313,,,,Qwen3.8-Flash-Next-UD-IQ4_XS-00001-of-00003.gguf,-md /m/q/4/mtp-Qwen3.8-Flash-Next-shared-Q8_0.gguf --spec-type draft-mtp --spec-draft-n-max 5,chat,pc1,0,mtp-dev,,,"mtp | server exited: aft model, '/m/q/4/mtp-Qwen3.8-Flash-Next-shared-Q8_0.gguf'
0.06.265.639 I srv    operator(): operator(): cleaning up before exit...
0.06.266.339 E srv  llama_server: exiting due to model loading error
0.06.266.525 W moe-cache: steps=1 hits=0 misses=950 hit-rate=0.0%, prefill experts ",,,,fork,"{""bare"":""1""}",
2026-09-26 13:58:29,fc23325a8,11297,46.06,14.099,95.5,Qwen3.8-Flash-Next-UD-IQ4_XS-00001-of-00003.gguf,,chat,pc1,1,b11297-fc23325,dff80e7d,,qwen-bare,,,1500,fork,"{""bare"":""1""}",-c 4096
2026-09-26 14:01:40,ef855424e,11314,44.903,12.353,92.6,Qwen3.8-Flash-Next-UD-IQ4_XS-00001-of-00003.gguf,-md /m/q/4/mtp-Qwen3.8-Flash-Next-shared-Q8_0.gguf --spec-type draft-mtp --spec-draft-n-max 5,chat,pc1,1,mtp-dev,1c2dbac2,,mtp,,,1500,fork,"{""bare"":""1""}",-md /m/q/4/mtp-Qwen3.8-Flash-Next-shared-Q8_0.gguf --spec-type draft-mtp --spec-draft-n-max 5 -c 4096
2026-09-26 14:02:28,ef855424e,11314,52.407,12.355,93.6,Qwen3.8-Flash-Next-UD-IQ4_XS-00001-of-00003.gguf,-md /m/q/4/mtp-Qwen3.8-Flash-Next-shared-Q8_0.gguf --spec-type draft-mtp --spec-draft-n-max 3,chat,pc1,1,mtp-dev,fdaa5268,,mtp,,,1500,fork,"{""bare"":""1""}",-md /m/q/4/mtp-Qwen3.8-Flash-Next-shared-Q8_0.gguf --spec-type draft-mtp --spec-draft-n-max 3 -c 4096
2026-09-26 14:03:09,ef855424e,11314,54.849,12.327,93.6,Qwen3.8-Flash-Next-UD-IQ4_XS-00001-of-00003.gguf,-md /m/q/4/mtp-Qwen3.8-Flash-Next-shared-Q8_0.gguf --spec-type draft-mtp --spec-draft-n-max 2,chat,pc1,1,mtp-dev,2ad983f5,,mtp,,,1500,fork,"{""bare"":""1""}",-md /m/q/4/mtp-Qwen3.8-Flash-Next-shared-Q8_0.gguf --spec-type draft-mtp --spec-draft-n-max 2 -c 4096
2026-09-26 14:03:58,ef855424e,11314,51.02,12.315,93.6,Qwen3.8-Flash-Next-UD-IQ4_XS-00001-of-00003.gguf,-md /m/q/4/mtp-Qwen3.8-Flash-Next-shared-Q8_0.gguf --spec-type draft-mtp --spec-draft-n-max 1,chat,pc1,1,mtp-dev,2f16182e,,mtp,,,1500,fork,"{""bare"":""1""}",-md /m/q/4/mtp-Qwen3.8-Flash-Next-shared-Q8_0.gguf --spec-type draft-mtp --spec-draft-n-max 1 -c 4096
2026-09-26 14:04:40,ef855424e,11314,55.25,12.305,94.9,Qwen3.8-Flash-Next-UD-IQ4_XS-00001-of-00003.gguf,-md /m/q/4/mtp-Qwen3.8-Flash-Next-shared-Q4_K_M.gguf --spec-type draft-mtp --spec-draft-n-max 2,chat,pc1,1,mtp-dev,c3d1fc29,,mtp,,,1500,fork,"{""bare"":""1""}",-md /m/q/4/mtp-Qwen3.8-Flash-Next-shared-Q4_K_M.gguf --spec-type draft-mtp --spec-draft-n-max 2 -c 4096
2026-09-26 14:06:44,ef855424e,11314,26.038,3.764,92.2,GLM-5.3-Flash-GSQ-RCO-3.0bit-q4kattn.gguf,,tetris,pc1,1,mtp-dev,4b116781,,mtp-regr,,,1017,fork,"{""bare"":""1""}",-c 1024
2026-09-26 14:08:15,fc23325a8,11297,28.657,5.108,90.3,GLM-5.3-Flash-GSQ-RCO-3.0bit-q4kattn.gguf,,tetris,pc1,1,b11297-fc23325,1817cc1c,,mtp-regr,,,1017,fork,"{""bare"":""1""}",-c 1024
2026-09-26 14:09:12,ef855424e,11314,29.659,4.548,92.2,GLM-5.3-Flash-GSQ-RCO-3.0bit-q4kattn.gguf,,tetris,pc1,1,mtp-dev,4b116781,,mtp-regr,,,1017,fork,"{""bare"":""1""}",-c 1024
2026-09-26 14:14:23,ef855424e,11314,29.725,4.569,92.2,GLM-5.3-Flash-GSQ-RCO-3.0bit-q4kattn.gguf,,tetris,pc1,1,mtp-dev,4b116781,,evict-test,,,1017,fork,"{""bare"":""1""}",-c 1024
2026-09-26 14:36:48,976346b2a,11318,20.17,4.373,70.9,GLM-5.3-Flash-GSQ-RCO-3.0bit-q4kattn.gguf,,chat,pc1,1,mtp-dev,82df01d9,,glm-mtp-base,,,1500,fork,"{""bare"":""1""}",-c 4096
2026-09-26 14:38:41,976346b2a,11318,17.802,4.233,66.5,GLM-5.3-Flash-GSQ-RCO-3.0bit-q4kattn.gguf,-md /m/gl/3/GLM-5.3-Flash-GSQ-RCO-mtp.gguf --spec-type draft-mtp --spec-draft-n-max 1,chat,pc1,1,mtp-dev,92dcb273,,glm-mtp,,,1500,fork,"{""bare"":""1""}",-md /m/gl/3/GLM-5.3-Flash-GSQ-RCO-mtp.gguf --spec-type draft-mtp --spec-draft-n-max 1 -c 4096
2026-09-26 14:40:46,976346b2a,11318,15.658,4.224,66,GLM-5.3-Flash-GSQ-RCO-3.0bit-q4kattn.gguf,-md /m/gl/3/GLM-5.3-Flash-GSQ-RCO-mtp.gguf --spec-type draft-mtp --spec-draft-n-max 2,chat,pc1,1,mtp-dev,38b1651c,,glm-mtp,,,1500,fork,"{""bare"":""1""}",-md /m/gl/3/GLM-5.3-Flash-GSQ-RCO-mtp.gguf --spec-type draft-mtp --spec-draft-n-max 2 -c 4096
2026-09-26 14:43:04,976346b2a,11318,13.787,4.218,66.5,GLM-5.3-Flash-GSQ-RCO-3.0bit-q4kattn.gguf,-md /m/gl/3/GLM-5.3-Flash-GSQ-RCO-mtp.gguf --spec-type draft-mtp --spec-draft-n-max 3,chat,pc1,1,mtp-dev,b71cfe81,,glm-mtp,,,1500,fork,"{""bare"":""1""}",-md /m/gl/3/GLM-5.3-Flash-GSQ-RCO-mtp.gguf --spec-type draft-mtp --spec-draft-n-max 3 -c 4096
2026-09-26 14:54:24,702adec49,11319,18.43,4.25,65.5,GLM-5.3-Flash-GSQ-RCO-3.0bit-q4kattn.gguf,-md /m/gl/3/GLM-5.3-Flash-GSQ-RCO-mtp.gguf --spec-type draft-mtp --spec-draft-n-max 1,chat,pc1,1,mtp-dev,ae279284,,glm-mtp-ub512,,,1500,fork,"{""bare"":""1""}",-md /m/gl/3/GLM-5.3-Flash-GSQ-RCO-mtp.gguf --spec-type draft-mtp --spec-draft-n-max 1 -c 4096
2026-09-26 14:57:32,0775c7f0b,11320,17.727,4.228,66.6,GLM-5.3-Flash-GSQ-RCO-3.0bit-q4kattn.gguf,-md /m/gl/3/GLM-5.3-Flash-GSQ-RCO-mtp.gguf --spec-type draft-mtp --spec-draft-n-max 3,chat,pc1,1,mtp-dev,c1b220a0,,glm-mtp-d0,,,1500,fork,"{""LLAMA_SPEC_DEPTH"":""0"",""bare"":""1""}",-md /m/gl/3/GLM-5.3-Flash-GSQ-RCO-mtp.gguf --spec-type draft-mtp --spec-draft-n-max 3 -c 4096
2026-09-26 14:59:27,0775c7f0b,11320,17.326,4.228,66.8,GLM-5.3-Flash-GSQ-RCO-3.0bit-q4kattn.gguf,-md /m/gl/3/GLM-5.3-Flash-GSQ-RCO-mtp.gguf --spec-type draft-mtp --spec-draft-n-max 3,chat,pc1,1,mtp-dev,08704d33,,glm-mtp-tuner,,,1500,fork,"{""bare"":""1""}",-md /m/gl/3/GLM-5.3-Flash-GSQ-RCO-mtp.gguf --spec-type draft-mtp --spec-draft-n-max 3 -c 4096
2026-09-26 15:00:34,0775c7f0b,11320,41.849,7.795,92.8,Qwen3.8-Flash-Next-UD-IQ4_XS-00001-of-00003.gguf,-md /m/q/4/mtp-Qwen3.8-Flash-Next-shared-Q4_K_M.gguf --spec-type draft-mtp --spec-draft-n-max 3,chat,pc1,1,mtp-dev,3cb7e2b9,,qwen-mtp-tuner,,,1500,fork,"{""bare"":""1""}",-md /m/q/4/mtp-Qwen3.8-Flash-Next-shared-Q4_K_M.gguf --spec-type draft-mtp --spec-draft-n-max 3 -c 4096
2026-09-26 15:01:38,0775c7f0b,11320,56.884,12.345,94.3,Qwen3.8-Flash-Next-UD-IQ4_XS-00001-of-00003.gguf,-md /m/q/4/mtp-Qwen3.8-Flash-Next-shared-Q4_K_M.gguf --spec-type draft-mtp --spec-draft-n-max 3,chat,pc1,1,mtp-dev,58bec369,,qwen-pin2,,,1500,fork,"{""LLAMA_SPEC_DEPTH"":""2"",""bare"":""1""}",-md /m/q/4/mtp-Qwen3.8-Flash-Next-shared-Q4_K_M.gguf --spec-type draft-mtp --spec-draft-n-max 3 -c 4096
2026-09-26 15:03:49,50ff5ae37,11321,34.156,12.354,90.2,Qwen3.8-Flash-Next-UD-IQ4_XS-00001-of-00003.gguf,-md /m/q/4/mtp-Qwen3.8-Flash-Next-shared-Q4_K_M.gguf --spec-type draft-mtp,chat,pc1,1,mtp-dev,4d7bd232,,qwen-tuner2,,,1500,fork,"{""bare"":""1""}",-md /m/q/4/mtp-Qwen3.8-Flash-Next-shared-Q4_K_M.gguf --spec-type draft-mtp -c 4096
2026-09-26 15:06:53,50ff5ae37,11321,12.246,4.343,59.6,GLM-5.3-Flash-GSQ-RCO-3.0bit-q4kattn.gguf,-md /m/gl/3/GLM-5.3-Flash-GSQ-RCO-mtp.gguf --spec-type draft-mtp,chat,pc1,1,mtp-dev,c5b9e86e,,glm-tuner2,,,1500,fork,"{""bare"":""1""}",-md /m/gl/3/GLM-5.3-Flash-GSQ-RCO-mtp.gguf --spec-type draft-mtp -c 4096
2026-09-26 15:10:43,460e402d8,11322,43.053,7.823,93.8,Qwen3.8-Flash-Next-UD-IQ4_XS-00001-of-00003.gguf,-md /m/q/4/mtp-Qwen3.8-Flash-Next-shared-Q4_K_M.gguf --spec-type draft-mtp,chat,pc1,1,mtp-dev,a43bdcb2,,qwen-tuner3,,,1500,fork,"{""bare"":""1""}",-md /m/q/4/mtp-Qwen3.8-Flash-Next-shared-Q4_K_M.gguf --spec-type draft-mtp -c 4096
2026-09-26 15:12:18,e494a3dbd,11323,56.424,12.346,94.6,Qwen3.8-Flash-Next-UD-IQ4_XS-00001-of-00003.gguf,-md /m/q/4/mtp-Qwen3.8-Flash-Next-shared-Q4_K_M.gguf --spec-type draft-mtp,chat,pc1,1,mtp-dev,bd2b438a,,qwen-tuner4,,,1500,fork,"{""bare"":""1""}",-md /m/q/4/mtp-Qwen3.8-Flash-Next-shared-Q4_K_M.gguf --spec-type draft-mtp -c 4096
2026-09-26 15:14:49,e494a3dbd,11323,17.556,4.218,66.2,GLM-5.3-Flash-GSQ-RCO-3.0bit-q4kattn.gguf,-md /m/gl/3/GLM-5.3-Flash-GSQ-RCO-mtp.gguf --spec-type draft-mtp,chat,pc1,1,mtp-dev,ce36395b,,glm-tuner4,,,1500,fork,"{""bare"":""1""}",-md /m/gl/3/GLM-5.3-Flash-GSQ-RCO-mtp.gguf --spec-type draft-mtp -c 4096
2026-09-26 15:23:26,fc23325a8,11297,28.502,5.873,90.1,GLM-5.3-Flash-GSQ-RCO-3.0bit-q4kattn.gguf,,tetris,pc1,1,b11297-fc23325,1817cc1c,,rel11325,,,1017,fork,"{""bare"":""1""}",-c 1024
2026-09-26 15:24:22,58f2f7244,11325,29.616,5.044,92.2,GLM-5.3-Flash-GSQ-RCO-3.0bit-q4kattn.gguf,,tetris,pc1,1,b11325-58f2f72,4b116781,,rel11325,,,1017,fork,"{""bare"":""1""}",-c 1024
2026-09-26 15:26:01,fc23325a8,11297,20.123,5.433,70.9,GLM-5.3-Flash-GSQ-RCO-3.0bit-q4kattn.gguf,,chat,pc1,1,b11297-fc23325,1a529c07,,rel11325,,,1500,fork,"{""bare"":""1""}",-c 4096
2026-09-26 15:27:42,58f2f7244,11325,19.711,4.434,69.7,GLM-5.3-Flash-GSQ-RCO-3.0bit-q4kattn.gguf,,chat,pc1,1,b11325-58f2f72,3c4dc5a1,,rel11325,,,1500,fork,"{""bare"":""1""}",-c 4096
2026-09-26 15:29:14,fc23325a8,11297,15.021,180.125,56.8,GLM-5.3-Flash-GSQ-RCO-3.0bit-q4kattn.gguf,,pf12k,pc1,1,b11297-fc23325,,,rel11325 | prompt_n=12416 prompt_s=68.9,,,32,fork,"{""bare"":""1""}",
2026-09-26 15:30:46,58f2f7244,11325,15.173,178.679,60.3,GLM-5.3-Flash-GSQ-RCO-3.0bit-q4kattn.gguf,,pf12k,pc1,1,b11325-58f2f72,,,rel11325 | prompt_n=12416 prompt_s=69.5,,,32,fork,"{""bare"":""1""}",
2026-09-26 15:31:49,fc23325a8,11297,40.936,8.616,95.5,Qwen3.8-Flash-Next-UD-IQ4_XS-00001-of-00003.gguf,,chat,pc1,1,b11297-fc23325,925fd05e,,rel11325,,,1500,fork,"{""bare"":""1""}",-c 4096
2026-09-26 15:32:34,58f2f7244,11325,46.388,13.397,95.8,Qwen3.8-Flash-Next-UD-IQ4_XS-00001-of-00003.gguf,,chat,pc1,1,b11325-58f2f72,02ef38d8,,rel11325,,,1500,fork,"{""bare"":""1""}",-c 4096
2026-09-26 15:33:13,58f2f7244,11325,57.511,12.328,94.6,Qwen3.8-Flash-Next-UD-IQ4_XS-00001-of-00003.gguf,-md /m/q/4/mtp-Qwen3.8-Flash-Next-shared-Q4_K_M.gguf --spec-type draft-mtp,chat,pc1,1,b11325-58f2f72,d0969749,,rel11325,,,1500,fork,"{""bare"":""1""}",-md /m/q/4/mtp-Qwen3.8-Flash-Next-shared-Q4_K_M.gguf --spec-type draft-mtp -c 4096
2026-09-26 15:34:06,fc23325a8,11297,37.278,307.764,82.4,Qwen3.8-Flash-Next-UD-IQ4_XS-00001-of-00003.gguf,,pf12k,pc1,1,b11297-fc23325,,,rel11325 | prompt_n=13724 prompt_s=44.6,,,32,fork,"{""bare"":""1""}",
2026-09-26 15:34:51,58f2f7244,11325,38.392,373.345,86.9,Qwen3.8-Flash-Next-UD-IQ4_XS-00001-of-00003.gguf,,pf12k,pc1,1,b11325-58f2f72,,,rel11325 | prompt_n=13724 prompt_s=36.8,,,32,fork,"{""bare"":""1""}",
2026-09-26 15:35:42,58f2f7244,11325,38.2,347.275,90.8,Qwen3.8-Flash-Next-UD-IQ4_XS-00001-of-00003.gguf,-md /m/q/4/mtp-Qwen3.8-Flash-Next-shared-Q4_K_M.gguf --spec-type draft-mtp,pf12k,pc1,1,b11325-58f2f72,,,rel11325 | prompt_n=13724 prompt_s=39.5,,,32,fork,"{""bare"":""1""}",-md /m/q/4/mtp-Qwen3.8-Flash-Next-shared-Q4_K_M.gguf --spec-type draft-mtp
2026-09-26 15:36:29,fc23325a8,11297,47.193,14.104,95.5,Qwen3.8-Flash-Next-UD-IQ4_XS-00001-of-00003.gguf,,chat,pc1,1,b11297-fc23325,25539183,,rel11325-rep,,,1500,fork,"{""bare"":""1""}",-c 4096
2026-09-26 15:40:11,fc23325a8,11297,20.498,5.484,71.8,GLM-5.3-Flash-GSQ-RCO-3.0bit-q4kattn.gguf,,chat,pc1,1,b11297-fc23325,ac3144b1,,rel11325-rep,,,1500,fork,"{""bare"":""1""}",-c 4096
2026-09-26 15:41:39,58f2f7244,11325,20.502,4.418,71.9,GLM-5.3-Flash-GSQ-RCO-3.0bit-q4kattn.gguf,,chat,pc1,1,b11325-58f2f72,b3e16897,,rel11325-rep,,,1500,fork,"{""bare"":""1""}",-c 4096
2026-09-26 15:43:09,fc23325a8,11297,20.277,5.452,71.4,GLM-5.3-Flash-GSQ-RCO-3.0bit-q4kattn.gguf,,chat,pc1,1,b11297-fc23325,44544085,,rel11325-rep,,,1500,fork,"{""bare"":""1""}",-c 4096
2026-09-26 15:44:38,58f2f7244,11325,20.325,4.449,71.5,GLM-5.3-Flash-GSQ-RCO-3.0bit-q4kattn.gguf,,chat,pc1,1,b11325-58f2f72,74db85cf,,rel11325-rep,,,1500,fork,"{""bare"":""1""}",-c 4096
2026-09-26 15:46:37,fc23325a8,11297,46.217,14.129,95.2,Qwen3.8-Flash-Next-UD-IQ4_XS-00001-of-00003.gguf,,chat,pc1,1,b11297-fc23325,8186925b,,rel11325-rep,,,1500,fork,"{""bare"":""1""}",-c 4096
2026-09-26 15:47:20,58f2f7244,11325,46.823,13.37,95.5,Qwen3.8-Flash-Next-UD-IQ4_XS-00001-of-00003.gguf,,chat,pc1,1,b11325-58f2f72,9fb20a6e,,rel11325-rep,,,1500,fork,"{""bare"":""1""}",-c 4096
2026-09-26 15:48:03,fc23325a8,11297,48.117,14.104,95.8,Qwen3.8-Flash-Next-UD-IQ4_XS-00001-of-00003.gguf,,chat,pc1,1,b11297-fc23325,d5f5d07d,,rel11325-rep,,,1500,fork,"{""bare"":""1""}",-c 4096
2026-09-26 15:48:46,58f2f7244,11325,47.395,13.399,95.7,Qwen3.8-Flash-Next-UD-IQ4_XS-00001-of-00003.gguf,,chat,pc1,1,b11325-58f2f72,2e897f59,,rel11325-rep,,,1500,fork,"{""bare"":""1""}",-c 4096
2026-09-26 15:49:39,fc23325a8,11297,39.911,309.134,84.5,Qwen3.8-Flash-Next-UD-IQ4_XS-00001-of-00003.gguf,,pf12k,pc1,1,b11297-fc23325,,,rel11325-rep | prompt_n=13724 prompt_s=44.4,,,32,fork,"{""bare"":""1""}",
2026-09-26 15:50:24,58f2f7244,11325,37.504,372.556,87.4,Qwen3.8-Flash-Next-UD-IQ4_XS-00001-of-00003.gguf,,pf12k,pc1,1,b11325-58f2f72,,,rel11325-rep | prompt_n=13724 prompt_s=36.8,,,32,fork,"{""bare"":""1""}",
2026-09-26 15:51:10,fc23325a8,11297,38.949,373.689,83,Qwen3.8-Flash-Next-UD-IQ4_XS-00001-of-00003.gguf,,pf12k,pc1,1,b11297-fc23325,,,rel11325-rep | prompt_n=13724 prompt_s=36.7,,,32,fork,"{""bare"":""1""}",
2026-09-26 15:51:55,58f2f7244,11325,39.208,371.269,88.7,Qwen3.8-Flash-Next-UD-IQ4_XS-00001-of-00003.gguf,,pf12k,pc1,1,b11325-58f2f72,,,rel11325-rep | prompt_n=13724 prompt_s=37.0,,,32,fork,"{""bare"":""1""}",
2026-09-26 16:15:25,79e90906b,11327,38.983,434.87,88.5,Qwen3.8-Flash-Next-UD-IQ4_XS-00001-of-00003.gguf,-lm none,pf12k,pc1,1,b11327-79e9090,,,pinned | prompt_n=13724 prompt_s=31.6,,,32,fork,"{""bare"":""1""}",-lm none
2026-09-26 16:23:39,79e90906b,11327,15.992,261.384,61.3,GLM-5.3-Flash-GSQ-RCO-3.0bit-q4kattn.gguf,-lm none,pf12k,pc1,1,b11327-79e9090,,,pinned | prompt_n=12416 prompt_s=47.5,,,32,fork,"{""bare"":""1""}",-lm none
2026-09-26 16:28:23,79e90906b,11327,21.08,5.55,73.2,GLM-5.3-Flash-GSQ-RCO-3.0bit-q4kattn.gguf,-lm none,chat,pc1,1,b11327-79e9090,bd90482f,,pinned,,,1500,fork,"{""bare"":""1""}",-lm none -c 4096
2026-09-26 17:09:55,79e90906b,11327,29.63,5.362,92.2,GLM-5.3-Flash-GSQ-RCO-3.0bit-q4kattn.gguf,,tetris,pc1,1,b11327-79e9090,4b116781,,rel11334,,,1017,fork,"{""bare"":""1""}",-c 1024
2026-09-26 17:13:14,55997a61e,11334,29.491,4.924,92.3,GLM-5.3-Flash-GSQ-RCO-3.0bit-q4kattn.gguf,,tetris,pc1,1,b11334-55997a6,4b116781,,rel11334,,,1017,fork,"{""bare"":""1""}",-c 1024
2026-09-26 17:14:53,79e90906b,11327,20.058,4.582,70.7,GLM-5.3-Flash-GSQ-RCO-3.0bit-q4kattn.gguf,,chat,pc1,1,b11327-79e9090,85256034,,rel11334,,,1500,fork,"{""bare"":""1""}",-c 4096
2026-09-26 17:18:46,55997a61e,11334,20.091,4.371,71.3,GLM-5.3-Flash-GSQ-RCO-3.0bit-q4kattn.gguf,,chat,pc1,1,b11334-55997a6,9df2a5c9,,rel11334,,,1500,fork,"{""bare"":""1""}",-c 4096
2026-09-26 17:20:15,79e90906b,11327,20.365,4.615,72,GLM-5.3-Flash-GSQ-RCO-3.0bit-q4kattn.gguf,,chat,pc1,1,b11327-79e9090,e9c14665,,rel11334,,,1500,fork,"{""bare"":""1""}",-c 4096
2026-09-26 17:24:13,55997a61e,11334,20.128,4.517,71.2,GLM-5.3-Flash-GSQ-RCO-3.0bit-q4kattn.gguf,,chat,pc1,1,b11334-55997a6,8a38defb,,rel11334,,,1500,fork,"{""bare"":""1""}",-c 4096
2026-09-26 17:25:46,79e90906b,11327,15.259,178.721,59.7,GLM-5.3-Flash-GSQ-RCO-3.0bit-q4kattn.gguf,,pf12k,pc1,1,b11327-79e9090,,,rel11334 | prompt_n=12416 prompt_s=69.5,,,32,fork,"{""bare"":""1""}",
2026-09-26 17:29:34,55997a61e,11334,15.603,178.177,60.9,GLM-5.3-Flash-GSQ-RCO-3.0bit-q4kattn.gguf,,pf12k,pc1,1,b11334-55997a6,,,rel11334 | prompt_n=12416 prompt_s=69.7,,,32,fork,"{""bare"":""1""}",
2026-09-26 17:31:54,79e90906b,11327,34.496,269.526,86.9,Qwen3.8-Flash-Next-UD-IQ4_XS-00001-of-00003.gguf,,pf12k,pc1,1,b11327-79e9090,,,rel11334 | prompt_n=13724 prompt_s=50.9,,,32,fork,"{""bare"":""1""}",
2026-09-26 17:32:51,55997a61e,11334,,,,GLM-5.3-Flash-GSQ-RCO-3.0bit-q4kattn.gguf,,pf12k,pc1,0,pin-dev,,,"pin-mapped | server exited: gins (see https://github.com/ggml-org/llama.cpp/pull/25655)
0.00.046.091 E srv         start: couldn't bind HTTP server socket, hostname: 127.0.0.1, port: 8099
0.00.046.094 I srv    operator(): operator(): cleaning up before exit...
0.00.046.154 E srv  llama_server: exiting due to HTT",,,,fork,"{""bare"":""1""}",
2026-09-26 17:33:00,55997a61e,11334,,,,Qwen3.8-Flash-Next-UD-IQ4_XS-00001-of-00003.gguf,,pf12k,pc1,0,b11334-55997a6,,,"rel11334 | server exited: , ubatch 2048, threads 6, weights pinned (settings you pass win)
0.53.622.967 W common_init_result: pinned weights made the system swap, reloading with mmap
1.01.383.075 W llama_model_loader: tensor overrides to CPU are used with mmap enabled - consider using --load-mode none for bett",,,,fork,"{""bare"":""1""}",
2026-09-26 17:33:05,55997a61e,11334,,,,Qwen3.8-Flash-Next-UD-IQ4_XS-00001-of-00003.gguf,-md /m/q/4/mtp-Qwen3.8-Flash-Next-shared-Q4_K_M.gguf --spec-type draft-mtp,chat,pc1,0,b11334-55997a6,,,"rel11334 | server exited: ax 2
0.01.815.129 E llama_init_from_model: failed to initialize the context: qwen4exp requires ctx_other to be set (this warning is normal during memory fitting)
0.01.869.593 W operator(): failed to measure the memory of the extra model, fitting without it: failed to create llama_cont",,,,fork,"{""bare"":""1""}",
2026-09-26 17:39:20,55997a61e,11334,16.008,261.451,61.3,GLM-5.3-Flash-GSQ-RCO-3.0bit-q4kattn.gguf,,pf12k,pc1,1,pin-dev,,,pin-mapped | prompt_n=12416 prompt_s=47.5,,,32,fork,"{""bare"":""1""}",
2026-09-26 17:44:21,79e90906b,11327,29.539,5.566,92.2,GLM-5.3-Flash-GSQ-RCO-3.0bit-q4kattn.gguf,,tetris,pc1,1,b11327-79e9090,4b116781,,rel11335,,,1017,fork,"{""bare"":""1""}",-c 1024
2026-09-26 17:47:32,18a342efd,11335,29.653,4.573,92.3,GLM-5.3-Flash-GSQ-RCO-3.0bit-q4kattn.gguf,,tetris,pc1,1,b11335-18a342e,4b116781,,rel11335,,,1017,fork,"{""bare"":""1""}",-c 1024
2026-09-26 17:49:11,79e90906b,11327,20.323,4.604,71.5,GLM-5.3-Flash-GSQ-RCO-3.0bit-q4kattn.gguf,,chat,pc1,1,b11327-79e9090,6e7b9bef,,rel11335,,,1500,fork,"{""bare"":""1""}",-c 4096
2026-09-26 17:53:11,18a342efd,11335,20.189,4.605,71,GLM-5.3-Flash-GSQ-RCO-3.0bit-q4kattn.gguf,,chat,pc1,1,b11335-18a342e,f4a29071,,rel11335,,,1500,fork,"{""bare"":""1""}",-c 4096
2026-09-26 17:54:40,79e90906b,11327,20.549,4.611,72.1,GLM-5.3-Flash-GSQ-RCO-3.0bit-q4kattn.gguf,,chat,pc1,1,b11327-79e9090,8963eb26,,rel11335,,,1500,fork,"{""bare"":""1""}",-c 4096
2026-09-26 17:57:52,18a342efd,11335,20.82,5.423,72.6,GLM-5.3-Flash-GSQ-RCO-3.0bit-q4kattn.gguf,,chat,pc1,1,b11335-18a342e,c9f485c4,,rel11335,,,1500,fork,"{""bare"":""1""}",-c 4096
2026-09-26 17:59:56,79e90906b,11327,15.59,179.848,61,GLM-5.3-Flash-GSQ-RCO-3.0bit-q4kattn.gguf,,pf12k,pc1,1,b11327-79e9090,,,rel11335 | prompt_n=12416 prompt_s=69.0,,,32,fork,"{""bare"":""1""}",
2026-09-26 18:03:56,18a342efd,11335,15.588,175.955,61,GLM-5.3-Flash-GSQ-RCO-3.0bit-q4kattn.gguf,,pf12k,pc1,1,b11335-18a342e,,,rel11335 | prompt_n=12416 prompt_s=70.6,,,32,fork,"{""bare"":""1""}",
2026-09-26 18:21:54,efaba0798,11341,16.339,261.622,61.5,GLM-5.3-Flash-GSQ-RCO-3.0bit-q4kattn.gguf,,pf12k,pc1,1,b11341-efaba07,,,fill11341 | prompt_n=12416 prompt_s=47.5,,,32,fork,"{""bare"":""1""}",
2026-09-26 18:23:59,efaba0798,11341,15.557,180.513,60.8,GLM-5.3-Flash-GSQ-RCO-3.0bit-q4kattn.gguf,-lm mmap,pf12k,pc1,1,b11341-efaba07,,,fill11341 | prompt_n=12416 prompt_s=68.8,,,32,fork,"{""bare"":""1""}",-lm mmap
2026-09-26 18:27:18,efaba0798,11341,21.1,5.565,73.3,GLM-5.3-Flash-GSQ-RCO-3.0bit-q4kattn.gguf,,chat,pc1,1,b11341-efaba07,39d4b2b8,,fill11341,,,1500,fork,"{""bare"":""1""}",-c 4096
2026-09-26 18:29:28,efaba0798,11341,20.399,4.617,71.7,GLM-5.3-Flash-GSQ-RCO-3.0bit-q4kattn.gguf,-lm mmap,chat,pc1,1,b11341-efaba07,a0b99d02,,fill11341,,,1500,fork,"{""bare"":""1""}",-lm mmap -c 4096
2026-09-26 18:33:14,efaba0798,11341,18.781,5.068,68.8,GLM-5.3-Flash-GSQ-RCO-3.0bit-q4kattn.gguf,-md /m/gl/3/GLM-5.3-Flash-GSQ-RCO-mtp.gguf --spec-type draft-mtp --spec-draft-n-max 2,chat,pc1,1,b11341-efaba07,a4979b1e,,fill11341,,,1500,fork,"{""bare"":""1""}",-md /m/gl/3/GLM-5.3-Flash-GSQ-RCO-mtp.gguf --spec-type draft-mtp --spec-draft-n-max 2 -c 4096
2026-09-26 18:36:14,efaba0798,11341,42.339,537.915,89.9,Qwen3.8-Flash-Next-UD-IQ4_XS-00001-of-00003.gguf,,pf12k,pc1,1,b11341-efaba07,,,fill11341 | prompt_n=13724 prompt_s=25.5,,,32,fork,"{""bare"":""1""}",
2026-09-26 18:37:12,efaba0798,11341,36.984,330.815,87.3,Qwen3.8-Flash-Next-UD-IQ4_XS-00001-of-00003.gguf,-lm mmap,pf12k,pc1,1,b11341-efaba07,,,fill11341 | prompt_n=13724 prompt_s=41.5,,,32,fork,"{""bare"":""1""}",-lm mmap
2026-09-26 18:38:39,efaba0798,11341,46.455,19.898,95.7,Qwen3.8-Flash-Next-UD-IQ4_XS-00001-of-00003.gguf,,chat,pc1,1,b11341-efaba07,4f7f231b,,fill11341,,,1500,fork,"{""bare"":""1""}",-c 4096
2026-09-26 18:39:37,efaba0798,11341,42.639,8.457,95.9,Qwen3.8-Flash-Next-UD-IQ4_XS-00001-of-00003.gguf,-lm mmap,chat,pc1,1,b11341-efaba07,b7cae134,,fill11341,,,1500,fork,"{""bare"":""1""}",-lm mmap -c 4096
2026-09-26 18:41:05,efaba0798,11341,51.471,18.713,94.8,Qwen3.8-Flash-Next-UD-IQ4_XS-00001-of-00003.gguf,-md /m/q/4/mtp-Qwen3.8-Flash-Next-shared-Q4_K_M.gguf --spec-type draft-mtp,chat,pc1,1,b11341-efaba07,a18fc158,,fill11341,,,1500,fork,"{""bare"":""1""}",-md /m/q/4/mtp-Qwen3.8-Flash-Next-shared-Q4_K_M.gguf --spec-type draft-mtp -c 4096
2026-09-26 18:42:35,efaba0798,11341,33.57,500.841,92.6,Qwen3.8-Flash-Next-UD-IQ4_XS-00001-of-00003.gguf,-md /m/q/4/mtp-Qwen3.8-Flash-Next-shared-Q4_K_M.gguf --spec-type draft-mtp,pf12k,pc1,1,b11341-efaba07,,,fill11341 | prompt_n=13724 prompt_s=27.4,,,32,fork,"{""bare"":""1""}",-md /m/q/4/mtp-Qwen3.8-Flash-Next-shared-Q4_K_M.gguf --spec-type draft-mtp
2026-09-26 18:48:04,efaba0798,11341,8.883,0.827,71.7,MiMo-V2.6-Flash-RL-IQ3_XXS-00001-of-00008.gguf,,chat,pc1,1,b11341-efaba07,baf5eb6d,,fill11341,,,950,fork,"{""bare"":""1""}",-c 4096
2026-09-26 18:50:37,efaba0798,11341,9.681,2.148,68.7,MiMo-V2.6-Flash-RL-IQ3_XXS-00001-of-00008.gguf,--spec-type draft-mtp --spec-draft-n-max 2,chat,pc1,1,b11341-efaba07,7ad54f98,,fill11341,,,891,fork,"{""bare"":""1""}",--spec-type draft-mtp --spec-draft-n-max 2 -c 4096
2026-09-26 18:52:31,efaba0798,11341,57.932,12.277,94.7,Qwen3.8-Flash-Next-UD-IQ4_XS-00001-of-00003.gguf,-md /m/q/4/mtp-Qwen3.8-Flash-Next-shared-Q4_K_M.gguf --spec-type draft-mtp -lm mmap,chat,pc1,1,b11341-efaba07,e98f284e,,mtp-rep,,,1500,fork,"{""bare"":""1""}",-md /m/q/4/mtp-Qwen3.8-Flash-Next-shared-Q4_K_M.gguf --spec-type draft-mtp -lm mmap -c 4096
2026-09-26 18:54:10,efaba0798,11341,50.535,18.004,94.9,Qwen3.8-Flash-Next-UD-IQ4_XS-00001-of-00003.gguf,-md /m/q/4/mtp-Qwen3.8-Flash-Next-shared-Q4_K_M.gguf --spec-type draft-mtp,chat,pc1,1,b11341-efaba07,71957f95,,mtp-rep,,,1500,fork,"{""bare"":""1""}",-md /m/q/4/mtp-Qwen3.8-Flash-Next-shared-Q4_K_M.gguf --spec-type draft-mtp -c 4096
2026-09-26 18:55:05,efaba0798,11341,51.727,7.87,94.6,Qwen3.8-Flash-Next-UD-IQ4_XS-00001-of-00003.gguf,-md /m/q/4/mtp-Qwen3.8-Flash-Next-shared-Q4_K_M.gguf --spec-type draft-mtp -lm mmap,chat,pc1,1,b11341-efaba07,b80ec087,,mtp-rep,,,1500,fork,"{""bare"":""1""}",-md /m/q/4/mtp-Qwen3.8-Flash-Next-shared-Q4_K_M.gguf --spec-type draft-mtp -lm mmap -c 4096
2026-09-26 18:56:37,efaba0798,11341,51.272,18.185,95,Qwen3.8-Flash-Next-UD-IQ4_XS-00001-of-00003.gguf,-md /m/q/4/mtp-Qwen3.8-Flash-Next-shared-Q4_K_M.gguf --spec-type draft-mtp,chat,pc1,1,b11341-efaba07,54f7741c,,mtp-rep,,,1500,fork,"{""bare"":""1""}",-md /m/q/4/mtp-Qwen3.8-Flash-Next-shared-Q4_K_M.gguf --spec-type draft-mtp -c 4096
2026-09-26 19:03:43,c73c403d8,11361,4.856,0.955,70.5,MiMo-V2.6-Flash-RL-IQ3_XXS-00001-of-00008.gguf,,chat,pc1,1,b11362-aaee811,b6119f60,,mimo-auto,,,884,fork,"{""bare"":""1""}",-c 4096
2026-09-26 19:08:28,c73c403d8,11361,9.177,1.901,68.7,MiMo-V2.6-Flash-RL-IQ3_XXS-00001-of-00008.gguf,--spec-type draft-mtp,chat,pc1,1,b11362-aaee811,a4d901a4,,mimo-auto,,,766,fork,"{""bare"":""1""}",--spec-type draft-mtp -c 4096
2026-09-26 19:10:13,c73c403d8,11361,59.366,12.305,94.7,Qwen3.8-Flash-Next-UD-IQ4_XS-00001-of-00003.gguf,-md /m/q/4/mtp-Qwen3.8-Flash-Next-shared-Q4_K_M.gguf --spec-type draft-mtp,chat,pc1,1,b11362-aaee811,44c5650f,,qwen-md-mmap,,,1500,fork,"{""bare"":""1""}",-md /m/q/4/mtp-Qwen3.8-Flash-Next-shared-Q4_K_M.gguf --spec-type draft-mtp -c 4096
2026-09-26 19:16:04,49db9ee58,11365,60.899,12.275,94.5,Qwen3.8-Flash-Next-UD-IQ4_XS-00001-of-00003.gguf,-md /m/q/4/mtp-Qwen3.8-Flash-Next-shared-Q4_K_M.gguf --spec-type draft-mtp -lm mmap,chat,pc1,1,b11365-49db9ee,d0e4db53,,prof-mmap,,,1500,fork,"{""GGML_SCHED_PROF"":""1"",""LLAMA_SPEC_DEPTH"":""2"",""bare"":""1""}",-md /m/q/4/mtp-Qwen3.8-Flash-Next-shared-Q4_K_M.gguf --spec-type draft-mtp -lm mmap -c 4096
2026-09-26 19:18:54,49db9ee58,11365,60.804,18.687,95.5,Qwen3.8-Flash-Next-UD-IQ4_XS-00001-of-00003.gguf,-md /m/q/4/mtp-Qwen3.8-Flash-Next-shared-Q4_K_M.gguf --spec-type draft-mtp -lm pin,chat,pc1,1,b11365-49db9ee,3608c54a,,prof-pin,,,1500,fork,"{""GGML_SCHED_PROF"":""1"",""LLAMA_SPEC_DEPTH"":""2"",""bare"":""1""}",-md /m/q/4/mtp-Qwen3.8-Flash-Next-shared-Q4_K_M.gguf --spec-type draft-mtp -lm pin -c 4096
2026-09-26 19:23:09,49db9ee58,11365,61.949,18.722,95.2,Qwen3.8-Flash-Next-UD-IQ4_XS-00001-of-00003.gguf,-md /m/q/4/mtp-Qwen3.8-Flash-Next-shared-Q4_K_M.gguf --spec-type draft-mtp -lm pin,chat,pc1,1,tune-dev,0b44ec8d,,tune-pin,,,1500,fork,"{""bare"":""1""}",-md /m/q/4/mtp-Qwen3.8-Flash-Next-shared-Q4_K_M.gguf --spec-type draft-mtp -lm pin -c 4096
2026-09-26 19:24:44,49db9ee58,11365,56.982,12.331,95,Qwen3.8-Flash-Next-UD-IQ4_XS-00001-of-00003.gguf,-md /m/q/4/mtp-Qwen3.8-Flash-Next-shared-Q4_K_M.gguf --spec-type draft-mtp -lm mmap,chat,pc1,1,tune-dev,9ba3b304,,tune-mmap,,,1500,fork,"{""bare"":""1""}",-md /m/q/4/mtp-Qwen3.8-Flash-Next-shared-Q4_K_M.gguf --spec-type draft-mtp -lm mmap -c 4096
2026-09-26 19:28:16,49db9ee58,11365,55.808,18.708,96.4,Qwen3.8-Flash-Next-UD-IQ4_XS-00001-of-00003.gguf,-md /m/q/4/mtp-Qwen3.8-Flash-Next-shared-Q4_K_M.gguf --spec-type draft-mtp -lm pin,chat,pc1,1,tune-dev,e270a94d,,tune-hyst,,,1500,fork,"{""bare"":""1""}",-md /m/q/4/mtp-Qwen3.8-Flash-Next-shared-Q4_K_M.gguf --spec-type draft-mtp -lm pin -c 4096
2026-09-26 19:31:14,49db9ee58,11365,61.659,18.718,95.1,Qwen3.8-Flash-Next-UD-IQ4_XS-00001-of-00003.gguf,-md /m/q/4/mtp-Qwen3.8-Flash-Next-shared-Q4_K_M.gguf --spec-type draft-mtp -lm pin,chat,pc1,1,tune-dev,6ca9dc67,,tune-hyst,,,1500,fork,"{""bare"":""1""}",-md /m/q/4/mtp-Qwen3.8-Flash-Next-shared-Q4_K_M.gguf --spec-type draft-mtp -lm pin -c 4096
2026-09-26 19:34:11,49db9ee58,11365,62.245,18.705,95.1,Qwen3.8-Flash-Next-UD-IQ4_XS-00001-of-00003.gguf,-md /m/q/4/mtp-Qwen3.8-Flash-Next-shared-Q4_K_M.gguf --spec-type draft-mtp -lm pin,chat,pc1,1,tune-dev,5a9bf873,,tune-hyst,,,1500,fork,"{""bare"":""1""}",-md /m/q/4/mtp-Qwen3.8-Flash-Next-shared-Q4_K_M.gguf --spec-type draft-mtp -lm pin -c 4096
2026-09-26 19:38:13,93a2ed273,11367,60.387,18.718,95.7,Qwen3.8-Flash-Next-UD-IQ4_XS-00001-of-00003.gguf,-md /m/q/4/mtp-Qwen3.8-Flash-Next-shared-Q4_K_M.gguf --spec-type draft-mtp,chat,pc1,1,b11367-93a2ed2,713524df,,rel-check,,,1500,fork,"{""bare"":""1""}",-md /m/q/4/mtp-Qwen3.8-Flash-Next-shared-Q4_K_M.gguf --spec-type draft-mtp -c 4096
2026-09-26 19:42:57,93a2ed273,11367,58.337,12.232,94.6,Qwen3.8-Flash-Next-UD-IQ4_XS-00001-of-00003.gguf,-md /m/q/4/mtp-Qwen3.8-Flash-Next-shared-Q4_K_M.gguf --spec-type draft-mtp -lm mmap,chat,pc1,1,b11367-93a2ed2,e29af2f7,,mtpfill,,,1500,fork,"{""bare"":""1""}",-md /m/q/4/mtp-Qwen3.8-Flash-Next-shared-Q4_K_M.gguf --spec-type draft-mtp -lm mmap -c 4096
2026-09-26 19:45:56,93a2ed273,11367,27.957,500.078,94.3,Qwen3.8-Flash-Next-UD-IQ4_XS-00001-of-00003.gguf,-md /m/q/4/mtp-Qwen3.8-Flash-Next-shared-Q4_K_M.gguf --spec-type draft-mtp,pf12k,pc1,1,b11367-93a2ed2,,,mtpfill | prompt_n=13724 prompt_s=27.4,,,32,fork,"{""bare"":""1""}",-md /m/q/4/mtp-Qwen3.8-Flash-Next-shared-Q4_K_M.gguf --spec-type draft-mtp
2026-09-26 19:47:48,93a2ed273,11367,40.141,353.383,92,Qwen3.8-Flash-Next-UD-IQ4_XS-00001-of-00003.gguf,-md /m/q/4/mtp-Qwen3.8-Flash-Next-shared-Q4_K_M.gguf --spec-type draft-mtp -lm mmap,pf12k,pc1,1,b11367-93a2ed2,,,mtpfill | prompt_n=13724 prompt_s=38.8,,,32,fork,"{""bare"":""1""}",-md /m/q/4/mtp-Qwen3.8-Flash-Next-shared-Q4_K_M.gguf --spec-type draft-mtp -lm mmap
2026-09-26 19:55:12,93a2ed273,11367,18.172,5.116,68.7,GLM-5.3-Flash-GSQ-RCO-3.0bit-q4kattn.gguf,-md /m/gl/3/GLM-5.3-Flash-GSQ-RCO-mtp.gguf --spec-type draft-mtp --spec-draft-n-max 2,chat,pc1,1,b11367-93a2ed2,24a6e35f,,mtpfill,,,1500,fork,"{""bare"":""1""}",-md /m/gl/3/GLM-5.3-Flash-GSQ-RCO-mtp.gguf --spec-type draft-mtp --spec-draft-n-max 2 -c 4096
2026-09-26 19:59:16,93a2ed273,11367,18.227,4.239,67.7,GLM-5.3-Flash-GSQ-RCO-3.0bit-q4kattn.gguf,-md /m/gl/3/GLM-5.3-Flash-GSQ-RCO-mtp.gguf --spec-type draft-mtp --spec-draft-n-max 2 -lm mmap,chat,pc1,1,b11367-93a2ed2,5ad97370,,mtpfill,,,1500,fork,"{""bare"":""1""}",-md /m/gl/3/GLM-5.3-Flash-GSQ-RCO-mtp.gguf --spec-type draft-mtp --spec-draft-n-max 2 -lm mmap -c 4096
2026-09-26 20:04:32,93a2ed273,11367,8.851,2.43,70.4,MiMo-V2.6-Flash-RL-IQ3_XXS-00001-of-00008.gguf,,chat,pc1,1,b11367-93a2ed2,ed887c55,,mtpfill,,,849,fork,"{""bare"":""1""}",-c 4096
2026-09-26 20:10:23,93a2ed273,11367,10.077,2.26,70.5,MiMo-V2.6-Flash-RL-IQ3_XXS-00001-of-00008.gguf,--spec-type draft-mtp,chat,pc1,1,b11367-93a2ed2,50dea36f,,mtpfill,,,1126,fork,"{""bare"":""1""}",--spec-type draft-mtp -c 4096
2026-09-26 20:17:25,93a2ed273,11367,16.109,261.324,61.3,GLM-5.3-Flash-GSQ-RCO-3.0bit-q4kattn.gguf,,pf12k,pc1,1,b11367-93a2ed2,,,warmup | prompt_n=12416 prompt_s=47.5,,,32,fork,"{""LLAMA_MOE_CACHE_PROFILE"":""0"",""bare"":""1""}",
2026-09-26 20:22:52,88dd87b4c,11369,16.101,261.533,61.4,GLM-5.3-Flash-GSQ-RCO-3.0bit-q4kattn.gguf,,pf12k,pc1,1,warm-dev,,,warmup | prompt_n=12416 prompt_s=47.5,,,32,fork,"{""LLAMA_MOE_CACHE_PROFILE"":""0"",""bare"":""1""}",
2026-09-26 20:31:51,93a2ed273,11367,16.174,261.748,61.3,GLM-5.3-Flash-GSQ-RCO-3.0bit-q4kattn.gguf,,pf12k,pc1,1,b11367-93a2ed2,,,burst | prompt_n=12416 prompt_s=47.4,,,32,fork,"{""LLAMA_MOE_CACHE_PROFILE"":""0"",""LLAMA_MOE_CACHE_STATS"":""1"",""LLAMA_MOE_CACHE_STICKY"":""0"",""bare"":""1""}",
2026-09-26 20:37:19,c2f27b074,11376,16.755,261.454,63.8,GLM-5.3-Flash-GSQ-RCO-3.0bit-q4kattn.gguf,,pf12k,pc1,1,burst-dev,,,burst | prompt_n=12416 prompt_s=47.5,,,32,fork,"{""LLAMA_MOE_CACHE_PROFILE"":""0"",""LLAMA_MOE_CACHE_STATS"":""1"",""LLAMA_MOE_CACHE_STICKY"":""0"",""bare"":""1""}",
2026-09-26 20:42:45,93a2ed273,11367,16.128,261.458,61.3,GLM-5.3-Flash-GSQ-RCO-3.0bit-q4kattn.gguf,,pf12k,pc1,1,b11367-93a2ed2,,,burst | prompt_n=12416 prompt_s=47.5,,,32,fork,"{""LLAMA_MOE_CACHE_PROFILE"":""0"",""LLAMA_MOE_CACHE_STATS"":""1"",""LLAMA_MOE_CACHE_STICKY"":""0"",""bare"":""1""}",
2026-09-26 20:48:16,c2f27b074,11376,16.131,261.483,61.4,GLM-5.3-Flash-GSQ-RCO-3.0bit-q4kattn.gguf,,pf12k,pc1,1,burst-dev,,,burst | prompt_n=12416 prompt_s=47.5,,,32,fork,"{""LLAMA_MOE_CACHE_PROFILE"":""0"",""LLAMA_MOE_CACHE_STATS"":""1"",""LLAMA_MOE_CACHE_STICKY"":""0"",""bare"":""1""}",
2026-09-26 21:01:28,14854613f,11377,12.929,261.463,63.2,GLM-5.3-Flash-GSQ-RCO-3.0bit-q4kattn.gguf,,pf12k,pc1,1,burst-dev,,,burst-fix | prompt_n=12416 prompt_s=47.5,,,32,fork,"{""LLAMA_MOE_CACHE_PROFILE"":""0"",""LLAMA_MOE_CACHE_STATS"":""1"",""LLAMA_MOE_CACHE_STICKY"":""0"",""bare"":""1""}",
2026-09-26 21:08:13,93a2ed273,11367,17.419,261.499,67.1,GLM-5.3-Flash-GSQ-RCO-3.0bit-q4kattn.gguf,,pf12k,pc1,1,b11367-93a2ed2,,,burst256 | prompt_n=12416 prompt_s=47.5,,,256,fork,"{""LLAMA_MOE_CACHE_PROFILE"":""0"",""LLAMA_MOE_CACHE_STATS"":""1"",""LLAMA_MOE_CACHE_STICKY"":""0"",""bare"":""1""}",
2026-09-26 21:14:05,14854613f,11377,17.943,261.431,71.8,GLM-5.3-Flash-GSQ-RCO-3.0bit-q4kattn.gguf,,pf12k,pc1,1,burst-dev,,,burst256 | prompt_n=12416 prompt_s=47.5,,,256,fork,"{""LLAMA_MOE_CACHE_PROFILE"":""0"",""LLAMA_MOE_CACHE_STATS"":""1"",""LLAMA_MOE_CACHE_STICKY"":""0"",""bare"":""1""}",
2026-09-26 23:20:38,14854613f,11377,20.497,5.564,71.5,GLM-5.3-Flash-GSQ-RCO-3.0bit-q4kattn.gguf,,chat,pc1,1,burst-dev,26c5ca1d,,prof,,,1500,fork,"{""LLAMA_MOE_CACHE_BURST"":""0"",""LLAMA_MOE_CACHE_PROFILE"":""0"",""LLAMA_MOE_CACHE_STATS"":""1"",""LLAMA_MOE_CACHE_STICKY"":""0"",""bare"":""1""}",-c 4096
2026-09-26 23:27:37,14854613f,11377,21.767,17.577,75.2,GLM-5.3-Flash-GSQ-RCO-3.0bit-q4kattn.gguf,,chat,pc1,1,burst-dev,19c4aa22,,prof,,,1500,fork,"{""LLAMA_MOE_CACHE_BURST"":""0"",""LLAMA_MOE_CACHE_STATS"":""1"",""LLAMA_MOE_CACHE_STICKY"":""0"",""bare"":""1""}",-c 4096
2026-09-26 23:34:47,14854613f,11377,22.116,17.081,76,GLM-5.3-Flash-GSQ-RCO-3.0bit-q4kattn.gguf,,chat,pc1,1,burst-dev,179a61e1,,prof,,,1500,fork,"{""LLAMA_MOE_CACHE_BURST"":""0"",""LLAMA_MOE_CACHE_STATS"":""1"",""LLAMA_MOE_CACHE_STICKY"":""0.3"",""bare"":""1""}",-c 4096
2026-09-26 23:41:20,3854507f4,11378,15.179,261.249,62,GLM-5.3-Flash-GSQ-RCO-3.0bit-q4kattn.gguf,,pf12k,pc1,1,burst-dev,,,nbburst | prompt_n=12416 prompt_s=47.5,,,32,fork,"{""LLAMA_MOE_CACHE_PROFILE"":""0"",""LLAMA_MOE_CACHE_STATS"":""1"",""LLAMA_MOE_CACHE_STICKY"":""0"",""bare"":""1""}",
2026-09-26 23:47:55,3854507f4,11378,17.527,261.336,68.4,GLM-5.3-Flash-GSQ-RCO-3.0bit-q4kattn.gguf,,pf12k,pc1,1,burst-dev,,,nbburst256 | prompt_n=12416 prompt_s=47.5,,,256,fork,"{""LLAMA_MOE_CACHE_PROFILE"":""0"",""LLAMA_MOE_CACHE_STATS"":""1"",""LLAMA_MOE_CACHE_STICKY"":""0"",""bare"":""1""}",
2026-09-27 00:02:20,c006daf19,11384,20.909,5.559,72.6,GLM-5.3-Flash-GSQ-RCO-3.0bit-q4kattn.gguf,,chat,pc1,1,prewarm-dev,d83a9dcc,,prewarm-rep,,,1500,fork,"{""LLAMA_MOE_CACHE_PROFILE"":""0"",""bare"":""1""}",-c 4096
2026-09-27 00:09:20,c006daf19,11384,21.818,16.596,74.9,GLM-5.3-Flash-GSQ-RCO-3.0bit-q4kattn.gguf,,chat,pc1,1,prewarm-dev,99c079d9,,prewarm-rep,,,1500,fork,"{""bare"":""1""}",-c 4096
2026-09-27 00:40:49,979a1ba57,11391,16.312,261.538,61.5,GLM-5.3-Flash-GSQ-RCO-3.0bit-q4kattn.gguf,,pf12k,pc1,1,b11391-979a1ba,,,preheat | prompt_n=12416 prompt_s=47.5,,,32,fork,"{""LLAMA_MOE_CACHE_PROFILE"":""0"",""LLAMA_MOE_CACHE_STATS"":""1"",""bare"":""1""}",
2026-09-27 00:46:22,91daf910b,11392,16.278,260.613,61.8,GLM-5.3-Flash-GSQ-RCO-3.0bit-q4kattn.gguf,,pf12k,pc1,1,preheat-dev,,,preheat | prompt_n=12416 prompt_s=47.6,,,32,fork,"{""LLAMA_MOE_CACHE_PROFILE"":""0"",""LLAMA_MOE_CACHE_STATS"":""1"",""bare"":""1""}",
2026-09-27 00:53:04,979a1ba57,11391,13.53,269.615,43.1,GLM-5.3-Flash-GSQ-RCO-3.0bit-q4kattn.gguf,,pf12k,pc1,1,b11391-979a1ba,,,gpu1-base | prompt_n=12416 prompt_s=46.1,,,256,fork,"{""LLAMA_MOE_CACHE_PROFILE"":""0"",""LLAMA_MOE_CACHE_STATS"":""1"",""bare"":""1""}",
2026-09-27 00:59:38,d0097ae87,11394,14.099,267.52,46.9,GLM-5.3-Flash-GSQ-RCO-3.0bit-q4kattn.gguf,,pf12k,pc1,1,preheat-dev,,,gpu1-preheat | prompt_n=12416 prompt_s=46.4,,,256,fork,"{""LLAMA_MOE_CACHE_ADOPT"":""0.25"",""LLAMA_MOE_CACHE_PROFILE"":""0"",""LLAMA_MOE_CACHE_STATS"":""1"",""bare"":""1""}",
2026-09-27 01:09:06,d0097ae87,11394,15.255,265.941,54.5,GLM-5.3-Flash-GSQ-RCO-3.0bit-q4kattn.gguf,,pf12k,pc1,1,preheat-dev,,,gpu1-preheat1 | prompt_n=12416 prompt_s=46.7,,,256,fork,"{""LLAMA_MOE_CACHE_ADOPT"":""1.0"",""LLAMA_MOE_CACHE_PROFILE"":""0"",""LLAMA_MOE_CACHE_STATS"":""1"",""bare"":""1""}",
2026-09-27 01:15:29,979a1ba57,11391,13.032,269.47,40.7,GLM-5.3-Flash-GSQ-RCO-3.0bit-q4kattn.gguf,,pf12k,pc1,1,b11391-979a1ba,,,gpu1-32 | prompt_n=12416 prompt_s=46.1,,,32,fork,"{""LLAMA_MOE_CACHE_PROFILE"":""0"",""bare"":""1""}",
2026-09-27 01:20:55,67c477426,11395,13.256,266.42,41.9,GLM-5.3-Flash-GSQ-RCO-3.0bit-q4kattn.gguf,,pf12k,pc1,1,preheat-dev,,,gpu1-32 | prompt_n=12416 prompt_s=46.6,,,32,fork,"{""LLAMA_MOE_CACHE_PROFILE"":""0"",""bare"":""1""}",
2026-09-27 01:28:23,979a1ba57,11391,15.549,11.266,49.7,GLM-5.3-Flash-GSQ-RCO-3.0bit-q4kattn.gguf,,chat,pc1,1,b11391-979a1ba,e003435f,,gpu1-chat,,,1500,fork,"{""LLAMA_MOE_CACHE_PROFILE"":""0"",""bare"":""1""}",-c 4096
2026-09-27 01:35:19,67c477426,11395,15.647,11.345,49.9,GLM-5.3-Flash-GSQ-RCO-3.0bit-q4kattn.gguf,,chat,pc1,1,preheat-dev,c2a5c1c6,,gpu1-chat,,,1500,fork,"{""LLAMA_MOE_CACHE_PROFILE"":""0"",""bare"":""1""}",-c 4096
2026-09-27 01:41:52,67c477426,11395,6.435,3.14,34,MiMo-V2.6-Flash-RL-IQ3_XXS-00001-of-00008.gguf,,chat,pc1,1,preheat-dev,34831574,,mimo-nodrop,,,792,fork,"{""LLAMA_MOE_CACHE_DROP"":""0"",""LLAMA_MOE_CACHE_PROFILE"":""0"",""bare"":""1""}",-c 4096
2026-09-27 01:48:38,67c477426,11395,5.852,2.46,35,MiMo-V2.6-Flash-RL-IQ3_XXS-00001-of-00008.gguf,,chat,pc1,1,preheat-dev,27e54097,,mimo-drop,,,799,fork,"{""LLAMA_MOE_CACHE_PROFILE"":""0"",""bare"":""1""}",-c 4096
2026-09-27 02:20:19,a90b6c43b,11398,6.484,1.598,34.5,MiMo-V2.6-Flash-RL-IQ3_XXS-00001-of-00008.gguf,,chat,pc1,1,drop-dev,e141c68f,,mimo-nodrop2,,,955,fork,"{""LLAMA_MOE_CACHE_PROFILE"":""0"",""bare"":""1""}",-c 4096
2026-09-27 02:27:11,a90b6c43b,11398,6.955,3.197,36.9,MiMo-V2.6-Flash-RL-IQ3_XXS-00001-of-00008.gguf,,chat,pc1,1,drop-dev,302ad0c1,,mimo-dropstay,,,1170,fork,"{""LLAMA_MOE_CACHE_DROP"":""1"",""LLAMA_MOE_CACHE_DROP_STAY"":""256"",""LLAMA_MOE_CACHE_PROFILE"":""0"",""bare"":""1""}",-c 4096
2026-09-27 02:33:44,a90b6c43b,11398,6.487,2.284,34.4,MiMo-V2.6-Flash-RL-IQ3_XXS-00001-of-00008.gguf,,chat,pc1,1,drop-dev,597b1801,,mimo-dropstay-r,,,846,fork,"{""LLAMA_MOE_CACHE_DROP"":""1"",""LLAMA_MOE_CACHE_DROP_STAY"":""256"",""LLAMA_MOE_CACHE_PROFILE"":""0"",""bare"":""1""}",-c 4096
2026-09-27 02:40:22,a90b6c43b,11398,6.587,2.316,34.6,MiMo-V2.6-Flash-RL-IQ3_XXS-00001-of-00008.gguf,,chat,pc1,1,drop-dev,f52b8125,,mimo-nodrop-r,,,948,fork,"{""LLAMA_MOE_CACHE_PROFILE"":""0"",""bare"":""1""}",-c 4096
2026-09-27 03:07:30,67c477426,11395,,,,GLM-5.3-Flash-GSQ-RCO-3.0bit.gguf,,ppl,pc1,0,preheat-dev,,,pred-base | [Errno 2] No such file or directory: '/p/bw/rels/preheat-dev/llama-perplexity',,,,fork,"{""LLAMA_MOE_CACHE_PROFILE"":""0"",""bare"":""1""}",
2026-09-27 03:07:31,3850c2ae2,11399,,,,GLM-5.3-Flash-GSQ-RCO-3.0bit.gguf,,ppl,pc1,0,pred-dev,,,pred8 | [Errno 2] No such file or directory: '/p/bw/rels/pred-dev/llama-perplexity',,,,fork,"{""LLAMA_MOE_CACHE_PREDICT"":""8"",""LLAMA_MOE_CACHE_PROFILE"":""0"",""bare"":""1""}",
2026-09-27 03:07:31,3850c2ae2,11399,,,,GLM-5.3-Flash-GSQ-RCO-3.0bit.gguf,,ppl,pc1,0,pred-dev,,,pred8x4 | [Errno 2] No such file or directory: '/p/bw/rels/pred-dev/llama-perplexity',,,,fork,"{""LLAMA_MOE_CACHE_PREDICT"":""8"",""LLAMA_MOE_CACHE_PREDICT_MAX"":""4"",""LLAMA_MOE_CACHE_PROFILE"":""0"",""bare"":""1""}",
2026-09-27 03:07:59,3850c2ae2,11399,,,,GLM-5.3-Flash-GSQ-RCO-3.0bit.gguf,,ppl,pc1,0,pred-dev,,,pred-base,,,,fork,"{""LLAMA_MOE_CACHE_PROFILE"":""0"",""bare"":""1""}","-t 6 --cpu-moe -nr --moe-expert-cache -1 -dev CUDA0,CUDA1 -f /p/bw/llama.cpp/.claude/worktrees/release/tools/moe-bench/longsrc.cpp -c 1024 --chunks 2 -b 1 -ub 1"
2026-09-27 03:08:00,3850c2ae2,11399,,,,GLM-5.3-Flash-GSQ-RCO-3.0bit.gguf,,ppl,pc1,0,pred-dev,,,pred8,,,,fork,"{""LLAMA_MOE_CACHE_PREDICT"":""8"",""LLAMA_MOE_CACHE_PROFILE"":""0"",""bare"":""1""}","-t 6 --cpu-moe -nr --moe-expert-cache -1 -dev CUDA0,CUDA1 -f /p/bw/llama.cpp/.claude/worktrees/release/tools/moe-bench/longsrc.cpp -c 1024 --chunks 2 -b 1 -ub 1"
2026-09-27 03:08:01,3850c2ae2,11399,,,,GLM-5.3-Flash-GSQ-RCO-3.0bit.gguf,,ppl,pc1,0,pred-dev,,,pred8x4,,,,fork,"{""LLAMA_MOE_CACHE_PREDICT"":""8"",""LLAMA_MOE_CACHE_PREDICT_MAX"":""4"",""LLAMA_MOE_CACHE_PROFILE"":""0"",""bare"":""1""}","-t 6 --cpu-moe -nr --moe-expert-cache -1 -dev CUDA0,CUDA1 -f /p/bw/llama.cpp/.claude/worktrees/release/tools/moe-bench/longsrc.cpp -c 1024 --chunks 2 -b 1 -ub 1"
2026-09-27 03:13:21,3850c2ae2,11399,14.56,,50.4,GLM-5.3-Flash-GSQ-RCO-3.0bit.gguf,,ppl,pc1,1,pred-dev,,,pred-base,1.426,70.33,,fork,"{""LLAMA_MOE_CACHE_PROFILE"":""0"",""bare"":""1""}",-t 6 --cpu-moe -nr --moe-expert-cache -1 -f /p/bw/llama.cpp/.claude/worktrees/release/tools/moe-bench/longsrc.cpp -c 1024 --chunks 2 -b 1 -ub 1
2026-09-27 03:20:12,3850c2ae2,11399,10.668,,54.3,GLM-5.3-Flash-GSQ-RCO-3.0bit.gguf,,ppl,pc1,1,pred-dev,,,pred8,1.426,95.99,,fork,"{""LLAMA_MOE_CACHE_PREDICT"":""8"",""LLAMA_MOE_CACHE_PROFILE"":""0"",""bare"":""1""}",-t 6 --cpu-moe -nr --moe-expert-cache -1 -f /p/bw/llama.cpp/.claude/worktrees/release/tools/moe-bench/longsrc.cpp -c 1024 --chunks 2 -b 1 -ub 1
2026-09-27 03:29:57,3850c2ae2,11399,7.354,,54.5,GLM-5.3-Flash-GSQ-RCO-3.0bit.gguf,,ppl,pc1,1,pred-dev,,,pred8x4,1.424,139.24,,fork,"{""LLAMA_MOE_CACHE_PREDICT"":""8"",""LLAMA_MOE_CACHE_PREDICT_MAX"":""4"",""LLAMA_MOE_CACHE_PROFILE"":""0"",""bare"":""1""}",-t 6 --cpu-moe -nr --moe-expert-cache -1 -f /p/bw/llama.cpp/.claude/worktrees/release/tools/moe-bench/longsrc.cpp -c 1024 --chunks 2 -b 1 -ub 1
2026-09-27 04:15:26,67c477426,11395,14.203,11.61,46.6,GLM-5.3-Flash-GSQ-RCO-3.0bit.gguf,,chat,pc1,1,preheat-dev,137213d9,,pred-reg,,,1500,fork,"{""LLAMA_MOE_CACHE_PROFILE"":""0"",""bare"":""1""}",-c 4096
2026-09-27 04:22:19,3850c2ae2,11399,14.212,11.647,46.6,GLM-5.3-Flash-GSQ-RCO-3.0bit.gguf,,chat,pc1,1,pred-dev,137213d9,,pred-reg,,,1500,fork,"{""LLAMA_MOE_CACHE_PROFILE"":""0"",""bare"":""1""}",-c 4096
2026-09-27 04:29:16,3850c2ae2,11399,13.941,11.875,56.1,GLM-5.3-Flash-GSQ-RCO-3.0bit.gguf,,chat,pc1,1,pred-dev,eadbba47,,pred8,,,1500,fork,"{""LLAMA_MOE_CACHE_PREDICT"":""8"",""LLAMA_MOE_CACHE_PROFILE"":""0"",""bare"":""1""}",-c 4096
2026-09-27 04:38:05,b2a4bbd96,11400,6.458,4.028,33.2,MiMo-V2.6-Flash-RL-IQ3_XXS-00001-of-00008.gguf,,chat,pc1,1,pred-dev,efb3ad04,,mimo-ra-base,,,821,fork,"{""LLAMA_MOE_CACHE_PROFILE"":""0"",""bare"":""1""}",-c 4096
2026-09-27 04:44:08,b2a4bbd96,11400,6.513,3.238,34.5,MiMo-V2.6-Flash-RL-IQ3_XXS-00001-of-00008.gguf,,chat,pc1,1,pred-dev,b5b8a169,,mimo-ra,,,888,fork,"{""LLAMA_MOE_CACHE_PREDICT"":""8"",""LLAMA_MOE_CACHE_PREDICT_MARGIN"":""99"",""LLAMA_MOE_CACHE_PREDICT_RA"":""1"",""LLAMA_MOE_CACHE_PROFILE"":""0"",""bare"":""1""}",-c 4096
2026-09-27 04:50:46,b2a4bbd96,11400,6.532,3.006,34.1,MiMo-V2.6-Flash-RL-IQ3_XXS-00001-of-00008.gguf,,chat,pc1,1,pred-dev,01e3f9e7,,mimo-ra-base,,,890,fork,"{""LLAMA_MOE_CACHE_PROFILE"":""0"",""bare"":""1""}",-c 4096
2026-09-27 04:57:29,b2a4bbd96,11400,6.728,2.85,34.8,MiMo-V2.6-Flash-RL-IQ3_XXS-00001-of-00008.gguf,,chat,pc1,1,pred-dev,a726187b,,mimo-ra,,,1002,fork,"{""LLAMA_MOE_CACHE_PREDICT"":""8"",""LLAMA_MOE_CACHE_PREDICT_MARGIN"":""99"",""LLAMA_MOE_CACHE_PREDICT_RA"":""1"",""LLAMA_MOE_CACHE_PROFILE"":""0"",""bare"":""1""}",-c 4096
2026-09-27 10:42:24,67c477426,11395,8.153,4.697,69.5,GLM-5.3-Flash-GSQ-RCO-3.0bit.gguf,,chat,pc1,1,preheat-dev,47b95925,,start-cold,,,1500,fork,"{""LLAMA_MOE_CACHE_PROFILE"":""0"",""bare"":""1""}",-c 4096
2026-09-27 10:49:08,67c477426,11395,18.63,15.598,70.9,GLM-5.3-Flash-GSQ-RCO-3.0bit.gguf,,chat,pc1,1,preheat-dev,fc883f42,,start-hot,,,1500,fork,"{""bare"":""1""}",-c 4096
2026-09-28 07:43:35,b9664a147,11397,17.092,,66,GLM-5.3-Flash-GSQ-RCO-3.0bit-q4kattn.gguf,,ppl,pc1,1,b11397-b9664a1,,,kpool fix + neg ids vs b11397,1.453,59.91,,fork,,"-t 6 --cpu-moe -nr --moe-expert-cache -1 -dev CUDA0,CUDA1 -f /p/bw/llama.cpp/.claude/worktrees/release/tools/moe-bench/longsrc.cpp -c 1024 --chunks 2 -b 1 -ub 1"
2026-09-28 07:47:26,1fda2bd34,11398,18.253,,66.5,GLM-5.3-Flash-GSQ-RCO-3.0bit-q4kattn.gguf,,ppl,pc1,1,kpool-dev,,,kpool fix + neg ids vs b11397,1.444,56.1,,fork,,"-t 6 --cpu-moe -nr --moe-expert-cache -1 -dev CUDA0,CUDA1 -f /p/bw/llama.cpp/.claude/worktrees/release/tools/moe-bench/longsrc.cpp -c 1024 --chunks 2 -b 1 -ub 1"
2026-09-28 07:51:28,b9664a147,11397,17.57,,67.6,GLM-5.3-Flash-GSQ-RCO-3.0bit-q4kattn.gguf,,ppl,pc1,1,b11397-b9664a1,,,kpool fix + neg ids vs b11397,1.453,58.28,,fork,,"-t 6 --cpu-moe -nr --moe-expert-cache -1 -dev CUDA0,CUDA1 -f /p/bw/llama.cpp/.claude/worktrees/release/tools/moe-bench/longsrc.cpp -c 1024 --chunks 2 -b 1 -ub 1"
2026-09-28 07:55:14,1fda2bd34,11398,18.571,,68.2,GLM-5.3-Flash-GSQ-RCO-3.0bit-q4kattn.gguf,,ppl,pc1,1,kpool-dev,,,kpool fix + neg ids vs b11397,1.449,55.14,,fork,,"-t 6 --cpu-moe -nr --moe-expert-cache -1 -dev CUDA0,CUDA1 -f /p/bw/llama.cpp/.claude/worktrees/release/tools/moe-bench/longsrc.cpp -c 1024 --chunks 2 -b 1 -ub 1"
2026-09-28 07:58:33,b9664a147,11397,19.98,18.786,69.8,GLM-5.3-Flash-GSQ-RCO-3.0bit-q4kattn.gguf,,chat,pc1,1,b11397-b9664a1,6314f6da,,kpool fix + neg ids vs b11397,,,1500,fork,,"-t 6 --cpu-moe -nr --moe-expert-cache -1 -dev CUDA0,CUDA1 -c 4096"
2026-09-28 08:01:29,1fda2bd34,11398,21.413,19.046,69.8,GLM-5.3-Flash-GSQ-RCO-3.0bit-q4kattn.gguf,,chat,pc1,1,kpool-dev,bf3c5774,,kpool fix + neg ids vs b11397,,,1500,fork,,"-t 6 --cpu-moe -nr --moe-expert-cache -1 -dev CUDA0,CUDA1 -c 4096"
2026-09-28 08:07:05,b9664a147,11397,18.15,,71,GLM-5.3-Flash-GSQ-RCO-3.0bit-q4kattn.gguf,,ppl,pc1,1,b11397-b9664a1,,,det,1.454,56.42,,fork,"{""LLAMA_MOE_CACHE_DETERMINISTIC"":""1""}","-t 6 --cpu-moe -nr --moe-expert-cache -1 -dev CUDA0,CUDA1 -f /p/bw/llama.cpp/.claude/worktrees/release/tools/moe-bench/longsrc.cpp -c 1024 --chunks 2 -b 1 -ub 1"
2026-09-28 08:10:46,1fda2bd34,11398,19.245,,71.7,GLM-5.3-Flash-GSQ-RCO-3.0bit-q4kattn.gguf,,ppl,pc1,1,kpool-dev,,,det,1.452,53.21,,fork,"{""LLAMA_MOE_CACHE_DETERMINISTIC"":""1""}","-t 6 --cpu-moe -nr --moe-expert-cache -1 -dev CUDA0,CUDA1 -f /p/bw/llama.cpp/.claude/worktrees/release/tools/moe-bench/longsrc.cpp -c 1024 --chunks 2 -b 1 -ub 1"
2026-09-28 08:14:48,1fda2bd34,11398,18.44,,72.3,GLM-5.3-Flash-GSQ-RCO-3.0bit-q4kattn.gguf,,ppl,pc1,1,kpool-dev,,,det pad0,1.449,55.53,,fork,"{""LLAMA_KPOOL_PAD"":""0"",""LLAMA_MOE_CACHE_DETERMINISTIC"":""1""}","-t 6 --cpu-moe -nr --moe-expert-cache -1 -dev CUDA0,CUDA1 -f /p/bw/llama.cpp/.claude/worktrees/release/tools/moe-bench/longsrc.cpp -c 1024 --chunks 2 -b 1 -ub 1"
2026-09-28 08:18:35,1fda2bd34,11398,19.501,,72.8,GLM-5.3-Flash-GSQ-RCO-3.0bit-q4kattn.gguf,,ppl,pc1,1,kpool-dev,,,det neg0,1.465,52.51,,fork,"{""LLAMA_MOE_CACHE_DETERMINISTIC"":""1"",""LLAMA_MOE_CACHE_NEG_IDS"":""0""}","-t 6 --cpu-moe -nr --moe-expert-cache -1 -dev CUDA0,CUDA1 -f /p/bw/llama.cpp/.claude/worktrees/release/tools/moe-bench/longsrc.cpp -c 1024 --chunks 2 -b 1 -ub 1"
2026-09-28 20:44:32,5c739a3cd,11399,20.386,17.041,66.8,GLM-5.3-Flash-GSQ-RCO-3.0bit-q4kattn.gguf,,chat,pc1,1,b11399-5c739a3,210e1107,,saturator reg,,,1500,fork,"{""bare"":""1""}",-c 4096
2026-09-28 20:51:09,a8630d5a1,11463,20.008,17.158,65.1,GLM-5.3-Flash-GSQ-RCO-3.0bit-q4kattn.gguf,,chat,pc1,1,satur-dev,c87568c9,,saturator reg,,,1500,fork,"{""bare"":""1""}",-c 4096
2026-09-28 20:55:08,5c739a3cd,11399,21.806,,76.8,GLM-5.3-Flash-GSQ-RCO-3.0bit-q4kattn.gguf,,ppl,pc1,1,b11399-5c739a3,,,saturator reg,1.459,46.96,,fork,,"-t 6 --cpu-moe -nr --moe-expert-cache -1 -dev CUDA0,CUDA1 -f /p/bw/llama.cpp/.claude/worktrees/partial-pin/tools/moe-bench/longsrc.cpp -c 1024 --chunks 2 -b 1 -ub 1"
2026-09-28 20:58:30,a8630d5a1,11463,21.626,,75.4,GLM-5.3-Flash-GSQ-RCO-3.0bit-q4kattn.gguf,,ppl,pc1,1,satur-dev,,,saturator reg,1.455,47.35,,fork,,"-t 6 --cpu-moe -nr --moe-expert-cache -1 -dev CUDA0,CUDA1 -f /p/bw/llama.cpp/.claude/worktrees/partial-pin/tools/moe-bench/longsrc.cpp -c 1024 --chunks 2 -b 1 -ub 1"
2026-09-29 09:34:01,5c739a3cd,11399,20.7,17.226,68.1,GLM-5.3-Flash-GSQ-RCO-3.0bit-q4kattn.gguf,,chat,pc1,1,b11399-5c739a3,7e3feba5,,jit regression,,,1500,fork,"{""bare"":""1""}",-c 4096
2026-09-29 09:40:37,7c7173624,11468,18.988,17.027,64,GLM-5.3-Flash-GSQ-RCO-3.0bit-q4kattn.gguf,,chat,pc1,1,jit-dev,5667b755,,jit regression,,,1500,fork,"{""bare"":""1""}",-c 4096
2026-09-29 09:51:40,5c739a3cd,11399,20.664,17.098,67.5,GLM-5.3-Flash-GSQ-RCO-3.0bit-q4kattn.gguf,,chat,pc1,1,b11399-5c739a3,7781dce0,,jit2 base,,,1500,fork,"{""bare"":""1""}",-c 4096
2026-09-29 09:58:04,5c739a3cd,11399,20.145,16.557,67.4,GLM-5.3-Flash-GSQ-RCO-3.0bit-q4kattn.gguf,,chat,pc1,1,b11399-5c739a3,0dba708b,,jit2 base,,,1500,fork,"{""bare"":""1""}",-c 4096
2026-09-29 10:05:37,e026b4099,11469,18.174,16.126,65.8,GLM-5.3-Flash-GSQ-RCO-3.0bit-q4kattn.gguf,,chat,pc1,1,jit2-dev,f3f65482,,jit2 off,,,1500,fork,"{""LLAMA_MOE_CACHE_JIT"":""0"",""bare"":""1""}",-c 4096
2026-09-29 10:12:27,e026b4099,11469,18.584,16.338,67.2,GLM-5.3-Flash-GSQ-RCO-3.0bit-q4kattn.gguf,,chat,pc1,1,jit2-dev,b49d0d7f,,jit2 off,,,1500,fork,"{""LLAMA_MOE_CACHE_JIT"":""0"",""bare"":""1""}",-c 4096
2026-09-29 10:19:55,e026b4099,11469,18.316,15.832,65.8,GLM-5.3-Flash-GSQ-RCO-3.0bit-q4kattn.gguf,,chat,pc1,1,jit2-dev,8e9597b9,,jit2 admit,,,1500,fork,"{""bare"":""1""}",-c 4096
2026-09-29 10:26:42,e026b4099,11469,18.037,16.396,64.6,GLM-5.3-Flash-GSQ-RCO-3.0bit-q4kattn.gguf,,chat,pc1,1,jit2-dev,aa1e5587,,jit2 admit,,,1500,fork,"{""bare"":""1""}",-c 4096
2026-09-29 10:34:22,e026b4099,11469,18.275,16.225,64.6,GLM-5.3-Flash-GSQ-RCO-3.0bit-q4kattn.gguf,,chat,pc1,1,jit2-dev,0d6b82ef,,jit2 poolall,,,1500,fork,"{""LLAMA_MOE_CACHE_JIT_POOL_ALL"":""1"",""bare"":""1""}",-c 4096
2026-09-29 10:41:21,e026b4099,11469,18.47,16.236,65.1,GLM-5.3-Flash-GSQ-RCO-3.0bit-q4kattn.gguf,,chat,pc1,1,jit2-dev,aef23027,,jit2 poolall,,,1500,fork,"{""LLAMA_MOE_CACHE_JIT_POOL_ALL"":""1"",""bare"":""1""}",-c 4096
2026-09-29 13:58:20,bdebc0763,11470,20.76,11.608,72.8,GLM-5.3-Flash-GSQ-RCO-3.0bit-q4kattn.gguf,,chat,pc1,1,jit3-dev,4644a746,,jit3 scratch,,,1500,fork,"{""bare"":""1""}",-c 4096
2026-09-29 14:04:48,5c739a3cd,11399,20.795,17.557,68.2,GLM-5.3-Flash-GSQ-RCO-3.0bit-q4kattn.gguf,,chat,pc1,1,b11399-5c739a3,2d429be7,,jit3 scratch,,,1500,fork,"{""bare"":""1""}",-c 4096
2026-09-30 15:06:49,edd9b40e8,11509,21.522,,75,GLM-5.3-Flash-GSQ-RCO-3.0bit-q4kattn.gguf,,ppl,pc1,1,rel-b11509,,,,1.451,47.58,,fork,,"-t 6 --cpu-moe -nr --moe-expert-cache -1 -dev CUDA0,CUDA1 -f /p/bw/llama.cpp/.claude/worktrees/release/tools/moe-bench/longsrc.cpp -c 1024 --chunks 2 -b 1 -ub 1"
2026-09-30 15:10:18,edd9b40e8,11509,21.567,,77.6,GLM-5.3-Flash-GSQ-RCO-3.0bit-q4kattn.gguf,,ppl,pc1,1,rel-b11509,,,,1.454,47.48,,fork,"{""LLAMA_MOE_CACHE_MARGIN"":""0""}","-t 6 --cpu-moe -nr --moe-expert-cache -1 -dev CUDA0,CUDA1 -f /p/bw/llama.cpp/.claude/worktrees/release/tools/moe-bench/longsrc.cpp -c 1024 --chunks 2 -b 1 -ub 1"
2026-09-30 15:13:48,edd9b40e8,11509,21.454,,75.1,GLM-5.3-Flash-GSQ-RCO-3.0bit-q4kattn.gguf,,ppl,pc1,1,rel-b11509,,,,1.45,47.73,,fork,,"-t 6 --cpu-moe -nr --moe-expert-cache -1 -dev CUDA0,CUDA1 -f /p/bw/llama.cpp/.claude/worktrees/release/tools/moe-bench/longsrc.cpp -c 1024 --chunks 2 -b 1 -ub 1"
2026-09-30 15:17:19,edd9b40e8,11509,21.369,,77.1,GLM-5.3-Flash-GSQ-RCO-3.0bit-q4kattn.gguf,,ppl,pc1,1,rel-b11509,,,,1.461,47.92,,fork,"{""LLAMA_MOE_CACHE_MARGIN"":""0""}","-t 6 --cpu-moe -nr --moe-expert-cache -1 -dev CUDA0,CUDA1 -f /p/bw/llama.cpp/.claude/worktrees/release/tools/moe-bench/longsrc.cpp -c 1024 --chunks 2 -b 1 -ub 1"
2026-09-30 15:20:48,edd9b40e8,11509,21.69,,75.1,GLM-5.3-Flash-GSQ-RCO-3.0bit-q4kattn.gguf,,ppl,pc1,1,rel-b11509,,,,1.451,47.21,,fork,,"-t 6 --cpu-moe -nr --moe-expert-cache -1 -dev CUDA0,CUDA1 -f /p/bw/llama.cpp/.claude/worktrees/release/tools/moe-bench/longsrc.cpp -c 1024 --chunks 2 -b 1 -ub 1"
2026-09-30 15:24:16,edd9b40e8,11509,21.904,,77.1,GLM-5.3-Flash-GSQ-RCO-3.0bit-q4kattn.gguf,,ppl,pc1,1,rel-b11509,,,,1.448,46.75,,fork,"{""LLAMA_MOE_CACHE_MARGIN"":""0""}","-t 6 --cpu-moe -nr --moe-expert-cache -1 -dev CUDA0,CUDA1 -f /p/bw/llama.cpp/.claude/worktrees/release/tools/moe-bench/longsrc.cpp -c 1024 --chunks 2 -b 1 -ub 1"
2026-09-30 15:27:26,edd9b40e8,11509,20.982,18.569,67.1,GLM-5.3-Flash-GSQ-RCO-3.0bit-q4kattn.gguf,,chat,pc1,1,rel-b11509,94fd6c0a,,,,,1500,fork,,"-t 6 --cpu-moe -nr --moe-expert-cache -1 -dev CUDA0,CUDA1 -c 4096"
2026-09-30 15:30:35,edd9b40e8,11509,20.745,15.413,69.9,GLM-5.3-Flash-GSQ-RCO-3.0bit-q4kattn.gguf,,chat,pc1,1,rel-b11509,adb1ffdd,,,,,1500,fork,"{""LLAMA_MOE_CACHE_MARGIN"":""0""}","-t 6 --cpu-moe -nr --moe-expert-cache -1 -dev CUDA0,CUDA1 -c 4096"
2026-09-30 15:33:47,edd9b40e8,11509,20.493,18.491,65.4,GLM-5.3-Flash-GSQ-RCO-3.0bit-q4kattn.gguf,,chat,pc1,1,rel-b11509,7d8aa50a,,,,,1500,fork,,"-t 6 --cpu-moe -nr --moe-expert-cache -1 -dev CUDA0,CUDA1 -c 4096"
2026-09-30 15:36:57,edd9b40e8,11509,20.626,14.514,69.7,GLM-5.3-Flash-GSQ-RCO-3.0bit-q4kattn.gguf,,chat,pc1,1,rel-b11509,e336f514,,,,,1500,fork,"{""LLAMA_MOE_CACHE_MARGIN"":""0""}","-t 6 --cpu-moe -nr --moe-expert-cache -1 -dev CUDA0,CUDA1 -c 4096"
2026-09-30 15:37:23,4fea119de,11041,,,,GLM-5.3-Flash-GSQ-RCO-3.0bit-q4kattn.gguf,,chat,pc1,0,stock-b11041-4fea119,,,"server exited: m/gl/3/GLM-5.3-Flash-GSQ-RCO-3.0bit-q4kattn.gguf'
0.00.532.554 E srv    load_model: failed to load model, '/m/gl/3/GLM-5.3-Flash-GSQ-RCO-3.0bit-q4kattn.gguf'
0.00.532.556 I srv    operator(): operator(): cleaning up before exit...
0.00.533.325 E srv  llama_server: exiting due to model",,,,upstream,"{""bare"":""1""}",
2026-09-30 15:44:34,edd9b40e8,11509,14.015,15.07,,GLM-5.3-Flash-GSQ-RCO-3.0bit-q4kattn.gguf,,chat,pc1,1,rel-b11509,5b3dc0bf,,,,,1500,fork,"{""bare"":""1""}",-c 4096
2026-09-30 15:59:07,4fea119de,11041,4.42,1.592,,MiMo-V2.6-Flash-RL-IQ3_XXS-00001-of-00008.gguf,-fitt 8000,chat,pc1,1,stock-b11041-4fea119,dc37a0de,,,,,834,upstream,"{""bare"":""1""}",-fitt 8000 -c 4096
2026-09-30 16:03:34,edd9b40e8,11509,10.612,2.451,74.3,MiMo-V2.6-Flash-RL-IQ3_XXS-00001-of-00008.gguf,,chat,pc1,1,rel-b11509,5b3dafcf,,,,,830,fork,"{""LLAMA_MOE_AUTO_MODE"":""cache"",""bare"":""1""}",-c 4096
2026-09-30 16:08:19,edd9b40e8,11509,11.043,4.162,78.8,MiMo-V2.6-Flash-RL-IQ3_XXS-00001-of-00008.gguf,,chat,pc1,1,rel-b11509,af9385da,,,,,993,fork,"{""LLAMA_MOE_AUTO_MODE"":""cache"",""LLAMA_MOE_CACHE_MARGIN"":""0"",""bare"":""1""}",-c 4096
2026-09-30 16:16:06,4fea119de,11041,4.849,4.027,,MiMo-V2.6-Flash-RL-IQ3_XXS-00001-of-00008.gguf,-fitt 8000,chat,pc1,1,stock-b11041-4fea119,dc37a0de,,,,,834,upstream,"{""bare"":""1""}",-fitt 8000 -c 4096
2026-09-30 16:21:36,edd9b40e8,11509,11.156,3.98,74.6,MiMo-V2.6-Flash-RL-IQ3_XXS-00001-of-00008.gguf,,chat,pc1,1,rel-b11509,4912d992,,,,,864,fork,"{""LLAMA_MOE_AUTO_MODE"":""cache"",""bare"":""1""}",-c 4096
2026-09-30 16:26:52,edd9b40e8,11509,10.995,3.462,78.6,MiMo-V2.6-Flash-RL-IQ3_XXS-00001-of-00008.gguf,,chat,pc1,1,rel-b11509,85a46093,,,,,820,fork,"{""LLAMA_MOE_AUTO_MODE"":""cache"",""LLAMA_MOE_CACHE_MARGIN"":""0"",""bare"":""1""}",-c 4096
2026-09-30 16:29:36,4fea119de,11041,,,,MiMo-V2.6-Flash-RL-IQ3_XXS-00001-of-00008.gguf,-fitt 8000,pf12k,pc1,0,stock-b11041-4fea119,,,HTTP Error 400: Bad Request,,,,upstream,"{""bare"":""1""}",
2026-09-30 16:35:29,edd9b40e8,11509,9.077,112.144,59.4,MiMo-V2.6-Flash-RL-IQ3_XXS-00001-of-00008.gguf,,pf12k,pc1,1,rel-b11509,,,prompt_n=12454 prompt_s=111.1,,,32,fork,"{""LLAMA_MOE_AUTO_MODE"":""cache"",""bare"":""1""}",
2026-09-30 15:30:00,edd9b40e8,11509,10,2.3,,Qwen3.8-Flash-Next-GSQ-RCO-IQ1_M (W10 RTX4060 8GB),,cli-tetris400,pc3,1,rel-b11509-win,,,"W10 laptop, imported from wm0.bat",,,400,fork,"{""host"":""W10"",""llama-cli"":""-st -n 400 --temp 0 --cpu-moe --moe-expert-cache -1"",""round"":""1""}",
2026-09-30 15:31:00,edd9b40e8,11509,8.9,2.3,,Qwen3.8-Flash-Next-GSQ-RCO-IQ1_M (W10 RTX4060 8GB),,cli-tetris400,pc3,1,rel-b11509-win,,,"W10 laptop, imported from wm0.bat",,,400,fork,"{""host"":""W10"",""llama-cli"":""-st -n 400 --temp 0 --cpu-moe --moe-expert-cache -1"",""round"":""2""}",
2026-09-30 15:32:00,edd9b40e8,11509,8.5,7.1,,Qwen3.8-Flash-Next-GSQ-RCO-IQ1_M (W10 RTX4060 8GB),,cli-tetris400,pc3,1,rel-b11509-win,,,"W10 laptop, imported from wm0.bat",,,400,fork,"{""LLAMA_MOE_CACHE_MARGIN"":""0"",""host"":""W10"",""llama-cli"":""-st -n 400 --temp 0 --cpu-moe --moe-expert-cache -1"",""round"":""1""}",
2026-09-30 15:33:00,edd9b40e8,11509,10.9,8.3,,Qwen3.8-Flash-Next-GSQ-RCO-IQ1_M (W10 RTX4060 8GB),,cli-tetris400,pc3,1,rel-b11509-win,,,"W10 laptop, imported from wm0.bat",,,400,fork,"{""LLAMA_MOE_CACHE_MARGIN"":""0"",""host"":""W10"",""llama-cli"":""-st -n 400 --temp 0 --cpu-moe --moe-expert-cache -1"",""round"":""2""}",
2026-09-30 15:34:00,edd9b40e8,11509,24.4,4.8,,qwen36.gguf (Qwen3.6-35B-A3B Q2_0) W10 RTX4060 8GB,,cli-tetris400,pc3,1,rel-b11509-win,,,"W10 laptop, imported from wm0.bat",,,400,fork,"{""host"":""W10"",""llama-cli"":""-st -n 400 --temp 0 --cpu-moe --moe-expert-cache -1"",""round"":""1""}",
2026-09-30 15:35:00,edd9b40e8,11509,23.8,5,,qwen36.gguf (Qwen3.6-35B-A3B Q2_0) W10 RTX4060 8GB,,cli-tetris400,pc3,1,rel-b11509-win,,,"W10 laptop, imported from wm0.bat",,,400,fork,"{""host"":""W10"",""llama-cli"":""-st -n 400 --temp 0 --cpu-moe --moe-expert-cache -1"",""round"":""2""}",
2026-09-30 15:36:00,edd9b40e8,11509,39.8,39.1,,qwen36.gguf (Qwen3.6-35B-A3B Q2_0) W10 RTX4060 8GB,,cli-tetris400,pc3,1,rel-b11509-win,,,"W10 laptop, imported from wm0.bat",,,400,fork,"{""LLAMA_MOE_CACHE_MARGIN"":""0"",""host"":""W10"",""llama-cli"":""-st -n 400 --temp 0 --cpu-moe --moe-expert-cache -1"",""round"":""1""}",
2026-09-30 15:37:00,edd9b40e8,11509,39.2,36.7,,qwen36.gguf (Qwen3.6-35B-A3B Q2_0) W10 RTX4060 8GB,,cli-tetris400,pc3,1,rel-b11509-win,,,"W10 laptop, imported from wm0.bat",,,400,fork,"{""LLAMA_MOE_CACHE_MARGIN"":""0"",""host"":""W10"",""llama-cli"":""-st -n 400 --temp 0 --cpu-moe --moe-expert-cache -1"",""round"":""2""}",
2026-09-30 16:41:41,edd9b40e8,11509,8.877,109.038,66.1,MiMo-V2.6-Flash-RL-IQ3_XXS-00001-of-00008.gguf,,pf12k,pc1,1,rel-b11509,,,prompt_n=12454 prompt_s=114.2,,,32,fork,"{""LLAMA_MOE_AUTO_MODE"":""cache"",""LLAMA_MOE_CACHE_MARGIN"":""0"",""bare"":""1""}",
2026-09-30 16:48:04,edd9b40e8,11509,14.004,16.225,,GLM-5.3-Flash-GSQ-RCO-3.0bit-q4kattn.gguf,,chat,pc1,1,rel-b11509,d5eaa4a9,,,,,1500,"fork (cache off, --plain)","{""bare"":""1"",""plain"":""1""}",--moe-expert-cache 0 -c 4096
2026-09-30 16:55:01,edd9b40e8,11509,20.524,17.11,66.4,GLM-5.3-Flash-GSQ-RCO-3.0bit-q4kattn.gguf,,chat,pc1,1,rel-b11509,4da3133b,,,,,1500,fork,"{""LLAMA_MOE_AUTO_MODE"":""cache"",""bare"":""1""}",-c 4096
2026-09-30 17:02:07,edd9b40e8,11509,22.687,15.138,74.2,GLM-5.3-Flash-GSQ-RCO-3.0bit-q4kattn.gguf,,chat,pc1,1,rel-b11509,a6b7a863,,,,,1500,fork,"{""LLAMA_MOE_AUTO_MODE"":""cache"",""LLAMA_MOE_CACHE_MARGIN"":""0"",""bare"":""1""}",-c 4096
2026-09-30 17:07:12,edd9b40e8,11509,14.121,16.812,,GLM-5.3-Flash-GSQ-RCO-3.0bit-q4kattn.gguf,,chat,pc1,1,rel-b11509,d5eaa4a9,,,,,1500,fork,"{""bare"":""1"",""plain"":""1""}",--moe-expert-cache 0 -c 4096
2026-09-30 17:13:55,edd9b40e8,11509,20.617,17.195,67.1,GLM-5.3-Flash-GSQ-RCO-3.0bit-q4kattn.gguf,,chat,pc1,1,rel-b11509,debe345d,,,,,1500,fork,"{""LLAMA_MOE_AUTO_MODE"":""cache"",""bare"":""1""}",-c 4096
2026-09-30 17:25:02,d43c101e6,11511,20.941,14.996,69,GLM-5.3-Flash-GSQ-RCO-3.0bit-q4kattn.gguf,,chat,pc1,1,rcn2-d43c101,ca36a19e,,,,,1500,fork,"{""LLAMA_MOE_AUTO_MODE"":""cache"",""bare"":""1""}",-c 4096
2026-09-30 17:32:22,d43c101e6,11511,21.039,15.674,74.8,GLM-5.3-Flash-GSQ-RCO-3.0bit-q4kattn.gguf,,chat,pc1,1,rcn2-d43c101,c08d1d20,,,,,1500,fork,"{""LLAMA_MOE_AUTO_MODE"":""cache"",""LLAMA_MOE_CACHE_GATE"":""0"",""LLAMA_MOE_CACHE_MARGIN"":""0"",""LLAMA_MOE_CACHE_SELF_TUNE"":""0"",""bare"":""1""}",-c 4096
2026-09-30 17:40:18,d43c101e6,11511,17.826,14.491,68.3,GLM-5.3-Flash-GSQ-RCO-3.0bit-q4kattn.gguf,,chat,pc1,1,rcn2-d43c101,971b0f87,,,,,1500,fork,"{""LLAMA_MOE_AUTO_MODE"":""cache"",""LLAMA_MOE_CACHE_GATE"":""0"",""LLAMA_MOE_CACHE_MARGIN"":""-2"",""LLAMA_MOE_CACHE_SELF_TUNE"":""0"",""bare"":""1""}",-c 4096
2026-09-30 17:47:33,d43c101e6,11511,21.997,14.956,72.4,GLM-5.3-Flash-GSQ-RCO-3.0bit-q4kattn.gguf,,chat,pc1,1,rcn2-d43c101,49bd4714,,,,,1500,fork,"{""LLAMA_MOE_AUTO_MODE"":""cache"",""LLAMA_MOE_CACHE_GATE"":""3"",""LLAMA_MOE_CACHE_MARGIN"":""0"",""LLAMA_MOE_CACHE_SELF_TUNE"":""0"",""bare"":""1""}",-c 4096
2026-09-30 17:54:40,d43c101e6,11511,21.234,14.985,69.7,GLM-5.3-Flash-GSQ-RCO-3.0bit-q4kattn.gguf,,chat,pc1,1,rcn2-d43c101,c21b05b5,,,,,1500,fork,"{""LLAMA_MOE_AUTO_MODE"":""cache"",""bare"":""1""}",-c 4096
2026-09-30 18:02:01,d43c101e6,11511,20.703,16.053,73.8,GLM-5.3-Flash-GSQ-RCO-3.0bit-q4kattn.gguf,,chat,pc1,1,rcn2-d43c101,75dbd344,,,,,1500,fork,"{""LLAMA_MOE_AUTO_MODE"":""cache"",""LLAMA_MOE_CACHE_GATE"":""0"",""LLAMA_MOE_CACHE_MARGIN"":""0"",""LLAMA_MOE_CACHE_SELF_TUNE"":""0"",""bare"":""1""}",-c 4096
2026-09-30 18:09:15,d43c101e6,11511,21.062,17.011,68.5,GLM-5.3-Flash-GSQ-RCO-3.0bit-q4kattn.gguf,,chat,pc1,1,rcn2-d43c101,56becf6c,,,,,1500,fork,"{""LLAMA_MOE_AUTO_MODE"":""cache"",""LLAMA_MOE_CACHE_GATE"":""0"",""LLAMA_MOE_CACHE_MARGIN"":""-2"",""LLAMA_MOE_CACHE_SELF_TUNE"":""0"",""bare"":""1""}",-c 4096
2026-09-30 18:16:22,d43c101e6,11511,22.196,15.083,72.6,GLM-5.3-Flash-GSQ-RCO-3.0bit-q4kattn.gguf,,chat,pc1,1,rcn2-d43c101,7a0a2140,,,,,1500,fork,"{""LLAMA_MOE_AUTO_MODE"":""cache"",""LLAMA_MOE_CACHE_GATE"":""3"",""LLAMA_MOE_CACHE_MARGIN"":""0"",""LLAMA_MOE_CACHE_SELF_TUNE"":""0"",""bare"":""1""}",-c 4096
2026-09-30 18:22:51,d43c101e6,11511,16.185,261.781,68.6,GLM-5.3-Flash-GSQ-RCO-3.0bit-q4kattn.gguf,,pf12k,pc1,1,rcn2-d43c101,,,prompt_n=12416 prompt_s=47.4,,,32,fork,"{""LLAMA_MOE_AUTO_MODE"":""cache"",""bare"":""1""}",
2026-09-30 18:29:20,d43c101e6,11511,15.933,261.991,68.4,GLM-5.3-Flash-GSQ-RCO-3.0bit-q4kattn.gguf,,pf12k,pc1,1,rcn2-d43c101,,,prompt_n=12416 prompt_s=47.4,,,32,fork,"{""LLAMA_MOE_AUTO_MODE"":""cache"",""LLAMA_MOE_CACHE_GATE"":""0"",""LLAMA_MOE_CACHE_MARGIN"":""0"",""LLAMA_MOE_CACHE_SELF_TUNE"":""0"",""bare"":""1""}",
2026-09-30 18:35:48,d43c101e6,11511,17.668,264.832,62,GLM-5.3-Flash-GSQ-RCO-3.0bit-q4kattn.gguf,,pf12k,pc1,1,rcn2-d43c101,,,prompt_n=12416 prompt_s=46.9,,,32,fork,"{""LLAMA_MOE_AUTO_MODE"":""cache"",""LLAMA_MOE_CACHE_GATE"":""0"",""LLAMA_MOE_CACHE_MARGIN"":""-2"",""LLAMA_MOE_CACHE_SELF_TUNE"":""0"",""bare"":""1""}",
2026-09-30 18:42:17,d43c101e6,11511,17.49,261.735,69.4,GLM-5.3-Flash-GSQ-RCO-3.0bit-q4kattn.gguf,,pf12k,pc1,1,rcn2-d43c101,,,prompt_n=12416 prompt_s=47.4,,,32,fork,"{""LLAMA_MOE_AUTO_MODE"":""cache"",""LLAMA_MOE_CACHE_GATE"":""3"",""LLAMA_MOE_CACHE_MARGIN"":""0"",""LLAMA_MOE_CACHE_SELF_TUNE"":""0"",""bare"":""1""}",
2026-09-30 18:47:22,d43c101e6,11511,8.965,1.658,76,MiMo-V2.6-Flash-RL-IQ3_XXS-00001-of-00008.gguf,,chat,pc1,1,rcn2-d43c101,b4403a85,,,,,902,fork,"{""LLAMA_MOE_AUTO_MODE"":""cache"",""bare"":""1""}",-c 4096
2026-09-30 18:52:20,d43c101e6,11511,11.298,2.328,80.3,MiMo-V2.6-Flash-RL-IQ3_XXS-00001-of-00008.gguf,,chat,pc1,1,rcn2-d43c101,2b3ea7d7,,,,,1070,fork,"{""LLAMA_MOE_AUTO_MODE"":""cache"",""LLAMA_MOE_CACHE_GATE"":""0"",""LLAMA_MOE_CACHE_MARGIN"":""0"",""LLAMA_MOE_CACHE_SELF_TUNE"":""0"",""bare"":""1""}",-c 4096
2026-09-30 18:57:15,d43c101e6,11511,12.748,3.863,78.5,MiMo-V2.6-Flash-RL-IQ3_XXS-00001-of-00008.gguf,,chat,pc1,1,rcn2-d43c101,8695bd20,,,,,1257,fork,"{""LLAMA_MOE_AUTO_MODE"":""cache"",""LLAMA_MOE_CACHE_GATE"":""0"",""LLAMA_MOE_CACHE_MARGIN"":""-2"",""LLAMA_MOE_CACHE_SELF_TUNE"":""0"",""bare"":""1""}",-c 4096
2026-09-30 19:13:57,92f7189f6,11633,22.271,14.721,75.5,GLM-5.3-Flash-GSQ-RCO-3.0bit-q4kattn.gguf,,chat,pc1,1,tn-160f65c8e,0974ccdc,,,,,1500,fork,"{""LLAMA_MOE_AUTO_MODE"":""cache"",""bare"":""1""}",-c 4096
2026-09-30 19:21:10,92f7189f6,11633,22.619,14.353,76.4,GLM-5.3-Flash-GSQ-RCO-3.0bit-q4kattn.gguf,,chat,pc1,1,tn-160f65c8e,0eb06ebc,,,,,1500,fork,"{""LLAMA_MOE_AUTO_MODE"":""cache"",""bare"":""1""}",-c 4096
2026-09-30 19:27:45,92f7189f6,11633,16.006,259.415,66.8,GLM-5.3-Flash-GSQ-RCO-3.0bit-q4kattn.gguf,,pf12k,pc1,1,tn-160f65c8e,,,prompt_n=12416 prompt_s=47.9,,,32,fork,"{""LLAMA_MOE_AUTO_MODE"":""cache"",""bare"":""1""}",
2026-09-30 19:32:58,92f7189f6,11633,9.553,1.697,78.4,MiMo-V2.6-Flash-RL-IQ3_XXS-00001-of-00008.gguf,"--moe margin=0,gate=0",chat,pc1,1,tn-160f65c8e,b1979e3d,,,,,951,fork,"{""LLAMA_MOE_AUTO_MODE"":""cache"",""bare"":""1""}","--moe margin=0,gate=0 -c 4096"
2026-09-30 19:37:31,92f7189f6,11633,11.05,3.547,78.7,MiMo-V2.6-Flash-RL-IQ3_XXS-00001-of-00008.gguf,"--moe margin=0,gate=3",chat,pc1,1,tn-160f65c8e,5c0902f3,,,,,928,fork,"{""LLAMA_MOE_AUTO_MODE"":""cache"",""bare"":""1""}","--moe margin=0,gate=3 -c 4096"
2026-09-30 19:42:48,92f7189f6,11633,10.326,2.349,78.7,MiMo-V2.6-Flash-RL-IQ3_XXS-00001-of-00008.gguf,"--moe margin=0,gate=0",chat,pc1,1,tn-160f65c8e,77bdf1f0,,,,,875,fork,"{""LLAMA_MOE_AUTO_MODE"":""cache"",""bare"":""1""}","--moe margin=0,gate=0 -c 4096"
2026-09-30 19:47:43,92f7189f6,11633,11.126,4.041,78.6,MiMo-V2.6-Flash-RL-IQ3_XXS-00001-of-00008.gguf,"--moe margin=0,gate=3",chat,pc1,1,tn-160f65c8e,1d3fde95,,,,,820,fork,"{""LLAMA_MOE_AUTO_MODE"":""cache"",""bare"":""1""}","--moe margin=0,gate=3 -c 4096"
2026-09-30 19:54:26,05af0d2b1,11302,11.858,14.596,,GLM-5.3-Flash-GSQ-RCO-3.0bit-q4kattn.gguf,-fitt 8000,chat,pc1,1,stock-05af0d2b1,3a1b4e39,,,,,1500,stock,"{""bare"":""1""}",-fitt 8000 -c 4096
2026-09-30 20:39:30,6b793c0de,11647,154.676,46.029,,Qwen3.6-35B-A3B-GSQ-hybrid.gguf,,t100,pc1,1,autotune,65897ba9,,,,,100,fork,"{""bare"":""1""}",-c 1024
2026-09-30 20:39:43,05af0d2b1,11302,155.081,46.152,,Qwen3.6-35B-A3B-GSQ-hybrid.gguf,,t100,pc1,1,stock-05af0d2b1,65897ba9,,,,,100,stock,"{""bare"":""1""}",-c 1024
2026-09-30 20:39:55,6b793c0de,11647,154.34,45.862,,Qwen3.6-35B-A3B-GSQ-hybrid.gguf,,t100,pc1,1,autotune,65897ba9,,,,,100,fork,"{""bare"":""1""}",-c 1024
2026-09-30 20:40:06,05af0d2b1,11302,155.036,46.976,,Qwen3.6-35B-A3B-GSQ-hybrid.gguf,,t100,pc1,1,stock-05af0d2b1,65897ba9,,,,,100,stock,"{""bare"":""1""}",-c 1024
2026-09-30 20:47:16,34557c12c,11648,154.049,48.922,,Qwen3.6-35B-A3B-GSQ-hybrid.gguf,,t100,pc1,1,autotune,65897ba9,,,,,100,fork,"{""bare"":""1""}",-c 1024
2026-09-30 20:47:28,05af0d2b1,11302,154.769,48.02,,Qwen3.6-35B-A3B-GSQ-hybrid.gguf,,t100,pc1,1,stock-05af0d2b1,65897ba9,,,,,100,stock,"{""bare"":""1""}",-c 1024
2026-09-30 20:47:41,34557c12c,11648,152.529,46.94,,Qwen3.6-35B-A3B-GSQ-hybrid.gguf,,t100,pc1,1,autotune,65897ba9,,,,,100,fork,"{""bare"":""1""}",-c 1024
2026-09-30 20:47:53,05af0d2b1,11302,154.638,47.767,,Qwen3.6-35B-A3B-GSQ-hybrid.gguf,,t100,pc1,1,stock-05af0d2b1,65897ba9,,,,,100,stock,"{""bare"":""1""}",-c 1024
2026-09-30 20:52:27,34557c12c,11648,40.517,17.853,85.5,Qwen3.8-Flash-Next-GSQ-RCO-IQ1_M-00001-of-00002.gguf,,t100,pc1,1,autotune,edf890f1,,,,,100,fork,"{""bare"":""1""}",-c 1024
2026-09-30 20:52:56,05af0d2b1,11302,69.223,37.881,,Qwen3.8-Flash-Next-GSQ-RCO-IQ1_M-00001-of-00002.gguf,,t100,pc1,1,stock-05af0d2b1,56be7ba6,,,,,100,stock,"{""bare"":""1""}",-c 1024
2026-09-30 20:53:37,34557c12c,11648,56.569,32.301,97.7,Qwen3.8-Flash-Next-GSQ-RCO-IQ1_M-00001-of-00002.gguf,,t100,pc1,1,autotune,737522a7,,,,,100,fork,"{""bare"":""1""}",-c 1024
2026-09-30 20:54:05,05af0d2b1,11302,69.145,38.207,,Qwen3.8-Flash-Next-GSQ-RCO-IQ1_M-00001-of-00002.gguf,,t100,pc1,1,stock-05af0d2b1,56be7ba6,,,,,100,stock,"{""bare"":""1""}",-c 1024
2026-09-30 20:55:59,34557c12c,11648,39.882,27.548,,Qwen3.8-Flash-Next-GSQ-RCO-IQ3_S-00001-of-00002.gguf,,t100,pc1,1,autotune,f3a8155f,,,,,100,fork,"{""bare"":""1""}",-c 1024
2026-09-30 20:56:53,05af0d2b1,11302,43.213,29.609,,Qwen3.8-Flash-Next-GSQ-RCO-IQ3_S-00001-of-00002.gguf,,t100,pc1,1,stock-05af0d2b1,f3a8155f,,,,,100,stock,"{""bare"":""1""}",-c 1024
2026-09-30 20:59:22,34557c12c,11648,50.597,30.267,97.2,Qwen3.8-Flash-Next-GSQ-RCO-IQ3_S-00001-of-00002.gguf,,t100,pc1,1,autotune,f3a8155f,,,,,100,fork,"{""bare"":""1""}",-c 1024
2026-09-30 21:00:23,05af0d2b1,11302,44.63,29.176,,Qwen3.8-Flash-Next-GSQ-RCO-IQ3_S-00001-of-00002.gguf,,t100,pc1,1,stock-05af0d2b1,f3a8155f,,,,,100,stock,"{""bare"":""1""}",-c 1024
2026-09-30 21:02:21,34557c12c,11648,22.964,10.979,88.9,GLM-5.3-Flash-GSQ-RCO-3.5bit.gguf,,t100,pc1,1,autotune,91f887cc,,,,,100,fork,"{""bare"":""1""}",-c 1024
2026-09-30 21:04:20,34557c12c,11648,44.921,28.97,,Qwen3.8-27B-IQ4_NL.gguf,,t100,pc1,1,autotune,9b6c6ed9,,,,,100,fork,"{""bare"":""1""}",-c 1024
2026-09-30 21:04:38,05af0d2b1,11302,45.024,29.243,,Qwen3.8-27B-IQ4_NL.gguf,,t100,pc1,1,stock-05af0d2b1,9b6c6ed9,,,,,100,stock,"{""bare"":""1""}",-c 1024
2026-09-30 21:04:55,34557c12c,11648,45.018,29.252,,Qwen3.8-27B-IQ4_NL.gguf,,t100,pc1,1,autotune,9b6c6ed9,,,,,100,fork,"{""bare"":""1""}",-c 1024
2026-09-30 21:05:12,05af0d2b1,11302,45.079,29.483,,Qwen3.8-27B-IQ4_NL.gguf,,t100,pc1,1,stock-05af0d2b1,9b6c6ed9,,,,,100,stock,"{""bare"":""1""}",-c 1024
2026-09-30 21:06:21,05af0d2b1,11302,38.693,39.716,,Qwen3.8-27B-MTP-Q5_K_M.gguf,,t100,pc1,1,stock-05af0d2b1,d956f426,,,,,100,stock,"{""bare"":""1""}",-c 1024
2026-09-30 21:06:42,34557c12c,11648,38.504,40.193,,Qwen3.8-27B-MTP-Q5_K_M.gguf,,t100,pc1,1,autotune,d956f426,,,,,100,fork,"{""bare"":""1""}",-c 1024
2026-09-30 21:07:02,05af0d2b1,11302,38.687,40.506,,Qwen3.8-27B-MTP-Q5_K_M.gguf,,t100,pc1,1,stock-05af0d2b1,d956f426,,,,,100,stock,"{""bare"":""1""}",-c 1024
2026-09-30 21:07:22,34557c12c,11648,38.526,40.451,,Qwen3.8-27B-MTP-Q5_K_M.gguf,,t100,pc1,1,autotune,d956f426,,,,,100,fork,"{""bare"":""1""}",-c 1024
2026-09-30 21:07:42,05af0d2b1,11302,38.642,40.406,,Qwen3.8-27B-MTP-Q5_K_M.gguf,,t100,pc1,1,stock-05af0d2b1,d956f426,,,,,100,stock,"{""bare"":""1""}",-c 1024
2026-09-30 21:07:59,05af0d2b1,11302,78.064,31.499,,Qwen3.8-27B-MTP-Q5_K_M.gguf,--spec-type draft-mtp,t100,pc1,1,stock-05af0d2b1,dc8ccf8a,,,,,100,stock,"{""bare"":""1""}",--spec-type draft-mtp -c 1024
2026-09-30 21:08:21,34557c12c,11648,47.809,31.448,,Qwen3.8-27B-MTP-Q5_K_M.gguf,--spec-type draft-mtp,t100,pc1,1,autotune,dc8ccf8a,,,,,100,fork,"{""bare"":""1""}",--spec-type draft-mtp -c 1024
2026-09-30 21:08:39,05af0d2b1,11302,77.887,31.538,,Qwen3.8-27B-MTP-Q5_K_M.gguf,--spec-type draft-mtp,t100,pc1,1,stock-05af0d2b1,dc8ccf8a,,,,,100,stock,"{""bare"":""1""}",--spec-type draft-mtp -c 1024
2026-09-30 21:09:00,34557c12c,11648,47.799,31.979,,Qwen3.8-27B-MTP-Q5_K_M.gguf,--spec-type draft-mtp,t100,pc1,1,autotune,dc8ccf8a,,,,,100,fork,"{""bare"":""1""}",--spec-type draft-mtp -c 1024
2026-09-30 21:09:18,05af0d2b1,11302,77.8,31.77,,Qwen3.8-27B-MTP-Q5_K_M.gguf,--spec-type draft-mtp,t100,pc1,1,stock-05af0d2b1,dc8ccf8a,,,,,100,stock,"{""bare"":""1""}",--spec-type draft-mtp -c 1024
2026-09-30 21:11:11,34557c12c,11648,9.115,6.248,67.2,GLM-5.3-Flash-GSQ-RCO-3.5bit.gguf,,t100,pc1,1,autotune,3df43a40,,,,,100,fork,"{""bare"":""1""}",-c 1024
2026-09-30 21:13:17,05af0d2b1,11302,7.54,4.321,,GLM-5.3-Flash-GSQ-RCO-3.5bit.gguf,,t100,pc1,1,stock-05af0d2b1,91f887cc,,,,,100,stock,"{""bare"":""1""}",-c 1024
2026-09-30 21:15:00,34557c12c,11648,10.293,9.045,69,GLM-5.3-Flash-GSQ-RCO-3.5bit.gguf,,t100,pc1,1,autotune,9e64679d,,,,,100,fork,"{""bare"":""1""}",-c 1024
2026-09-30 21:17:07,05af0d2b1,11302,8.582,3.319,,GLM-5.3-Flash-GSQ-RCO-3.5bit.gguf,,t100,pc1,1,stock-05af0d2b1,91f887cc,,,,,100,stock,"{""bare"":""1""}",-c 1024
2026-09-30 21:17:36,34557c12c,11648,47.86,31.712,,Qwen3.8-27B-MTP-Q5_K_M.gguf,--spec-type draft-mtp -t 16 -tb 16,t100,pc1,1,autotune,dc8ccf8a,,,,,100,fork,"{""bare"":""1""}",--spec-type draft-mtp -t 16 -tb 16 -c 1024
2026-09-30 21:17:57,34557c12c,11648,47.8,31.669,,Qwen3.8-27B-MTP-Q5_K_M.gguf,--spec-type draft-mtp -t 16 -tb 16,t100,pc1,1,autotune,dc8ccf8a,,,,,100,fork,"{""bare"":""1""}",--spec-type draft-mtp -t 16 -tb 16 -c 1024
2026-09-30 21:18:18,34557c12c,11648,47.705,31.604,,Qwen3.8-27B-MTP-Q5_K_M.gguf,--spec-type draft-mtp -t 4,t100,pc1,1,autotune,dc8ccf8a,,,,,100,fork,"{""bare"":""1""}",--spec-type draft-mtp -t 4 -c 1024
2026-09-30 21:18:39,34557c12c,11648,47.861,31.669,,Qwen3.8-27B-MTP-Q5_K_M.gguf,--spec-type draft-mtp -t 4,t100,pc1,1,autotune,dc8ccf8a,,,,,100,fork,"{""bare"":""1""}",--spec-type draft-mtp -t 4 -c 1024
2026-09-30 21:18:59,34557c12c,11648,47.806,31.692,,Qwen3.8-27B-MTP-Q5_K_M.gguf,--spec-type draft-mtp --moe cache=0,t100,pc1,1,autotune,dc8ccf8a,,,,,100,fork,"{""bare"":""1""}",--spec-type draft-mtp --moe cache=0 -c 1024
2026-09-30 21:19:20,34557c12c,11648,47.97,31.829,,Qwen3.8-27B-MTP-Q5_K_M.gguf,--spec-type draft-mtp --moe cache=0,t100,pc1,1,autotune,dc8ccf8a,,,,,100,fork,"{""bare"":""1""}",--spec-type draft-mtp --moe cache=0 -c 1024
2026-09-30 21:19:44,34557c12c,11648,42.936,30.681,,Qwen3.8-27B-MTP-Q5_K_M.gguf,--spec-type draft-mtp --spec-draft-n-max 3,t100,pc1,1,autotune,dc8ccf8a,,,,,100,fork,"{""bare"":""1""}",--spec-type draft-mtp --spec-draft-n-max 3 -c 1024
2026-09-30 21:20:05,34557c12c,11648,42.83,31.363,,Qwen3.8-27B-MTP-Q5_K_M.gguf,--spec-type draft-mtp --spec-draft-n-max 3,t100,pc1,1,autotune,dc8ccf8a,,,,,100,fork,"{""bare"":""1""}",--spec-type draft-mtp --spec-draft-n-max 3 -c 1024
2026-09-30 21:20:27,34557c12c,11648,33.37,31.651,,Qwen3.8-27B-MTP-Q5_K_M.gguf,--spec-type draft-mtp --spec-draft-n-max 2,t100,pc1,1,autotune,d956f426,,,,,100,fork,"{""bare"":""1""}",--spec-type draft-mtp --spec-draft-n-max 2 -c 1024
2026-09-30 21:20:49,34557c12c,11648,33.388,31.607,,Qwen3.8-27B-MTP-Q5_K_M.gguf,--spec-type draft-mtp --spec-draft-n-max 2,t100,pc1,1,autotune,d956f426,,,,,100,fork,"{""bare"":""1""}",--spec-type draft-mtp --spec-draft-n-max 2 -c 1024
2026-09-30 21:21:10,34557c12c,11648,47.66,31.695,,Qwen3.8-27B-MTP-Q5_K_M.gguf,--spec-type draft-mtp --spec-draft-n-max 5,t100,pc1,1,autotune,dc8ccf8a,,,,,100,fork,"{""bare"":""1""}",--spec-type draft-mtp --spec-draft-n-max 5 -c 1024
2026-09-30 21:21:30,34557c12c,11648,47.812,31.666,,Qwen3.8-27B-MTP-Q5_K_M.gguf,--spec-type draft-mtp --spec-draft-n-max 5,t100,pc1,1,autotune,dc8ccf8a,,,,,100,fork,"{""bare"":""1""}",--spec-type draft-mtp --spec-draft-n-max 5 -c 1024
2026-09-30 21:21:51,34557c12c,11648,44.789,31.547,,Qwen3.8-27B-MTP-Q5_K_M.gguf,--spec-type draft-mtp --spec-draft-n-max 8,t100,pc1,1,autotune,dc8ccf8a,,,,,100,fork,"{""bare"":""1""}",--spec-type draft-mtp --spec-draft-n-max 8 -c 1024
2026-09-30 21:22:12,34557c12c,11648,44.534,31.659,,Qwen3.8-27B-MTP-Q5_K_M.gguf,--spec-type draft-mtp --spec-draft-n-max 8,t100,pc1,1,autotune,dc8ccf8a,,,,,100,fork,"{""bare"":""1""}",--spec-type draft-mtp --spec-draft-n-max 8 -c 1024
2026-10-01 00:14:54,dbe8f6475,11649,77.168,31.147,,Qwen3.8-27B-MTP-Q5_K_M.gguf,--spec-type draft-mtp,t100,pc1,1,autotune,dc8ccf8a,,,,,100,fork,"{""bare"":""1""}",--spec-type draft-mtp -c 1024
2026-10-01 00:15:12,dbe8f6475,11649,77.508,31.222,,Qwen3.8-27B-MTP-Q5_K_M.gguf,--spec-type draft-mtp,t100,pc1,1,autotune,dc8ccf8a,,,,,100,fork,"{""bare"":""1""}",--spec-type draft-mtp -c 1024
2026-10-01 00:15:30,05af0d2b1,11302,78.314,31.356,,Qwen3.8-27B-MTP-Q5_K_M.gguf,--spec-type draft-mtp,t100,pc1,1,stock-05af0d2b1,dc8ccf8a,,,,,100,stock,"{""bare"":""1""}",--spec-type draft-mtp -c 1024
2026-10-01 00:15:49,dbe8f6475,11649,77.415,31.005,,Qwen3.8-27B-MTP-Q5_K_M.gguf,--spec-type draft-mtp,t100,pc1,1,autotune,dc8ccf8a,,,,,100,fork,"{""bare"":""1""}",--spec-type draft-mtp -c 1024
2026-10-01 00:16:07,05af0d2b1,11302,77.828,31.451,,Qwen3.8-27B-MTP-Q5_K_M.gguf,--spec-type draft-mtp,t100,pc1,1,stock-05af0d2b1,dc8ccf8a,,,,,100,stock,"{""bare"":""1""}",--spec-type draft-mtp -c 1024
2026-10-01 00:51:30,6a9a96ba3,11653,77.212,31.137,,Qwen3.8-27B-MTP-Q5_K_M.gguf,--spec-type draft-mtp,t100,pc1,1,autotune,dc8ccf8a,,,,,100,fork,"{""bare"":""1""}",--spec-type draft-mtp -c 1024
2026-10-01 00:51:48,6a9a96ba3,11653,77.017,30.458,,Qwen3.8-27B-MTP-Q5_K_M.gguf,--spec-type draft-mtp,t100,pc1,1,autotune,dc8ccf8a,,,,,100,fork,"{""bare"":""1""}",--spec-type draft-mtp -c 1024
2026-10-01 00:52:07,6a9a96ba3,11653,76.877,31.278,,Qwen3.8-27B-MTP-Q5_K_M.gguf,--spec-type draft-mtp,t100,pc1,1,autotune,dc8ccf8a,,,,,100,fork,"{""bare"":""1""}",--spec-type draft-mtp -c 1024
2026-10-01 00:52:21,6a9a96ba3,11653,153.756,49.585,,Qwen3.6-35B-A3B-GSQ-hybrid.gguf,,t100,pc1,1,autotune,65897ba9,,,,,100,fork,"{""bare"":""1""}",-c 1024
2026-10-01 00:52:33,05af0d2b1,11302,154.492,47.953,,Qwen3.6-35B-A3B-GSQ-hybrid.gguf,,t100,pc1,1,stock-05af0d2b1,65897ba9,,,,,100,stock,"{""bare"":""1""}",-c 1024
2026-10-01 00:52:45,6a9a96ba3,11653,153.605,49.631,,Qwen3.6-35B-A3B-GSQ-hybrid.gguf,,t100,pc1,1,autotune,65897ba9,,,,,100,fork,"{""bare"":""1""}",-c 1024
2026-10-01 00:52:56,05af0d2b1,11302,154.714,47.503,,Qwen3.6-35B-A3B-GSQ-hybrid.gguf,,t100,pc1,1,stock-05af0d2b1,65897ba9,,,,,100,stock,"{""bare"":""1""}",-c 1024
2026-10-01 00:59:15,b6be17dae,11663,77.185,30.072,,Qwen3.8-27B-MTP-Q5_K_M.gguf,--spec-type draft-mtp,t100,pc1,1,autotune,dc8ccf8a,,,,,100,fork,"{""bare"":""1""}",--spec-type draft-mtp -c 1024
2026-10-01 00:59:34,b6be17dae,11663,77.151,29.9,,Qwen3.8-27B-MTP-Q5_K_M.gguf,--spec-type draft-mtp,t100,pc1,1,autotune,dc8ccf8a,,,,,100,fork,"{""bare"":""1""}",--spec-type draft-mtp -c 1024
2026-10-01 00:59:51,05af0d2b1,11302,77.992,30.879,,Qwen3.8-27B-MTP-Q5_K_M.gguf,--spec-type draft-mtp,t100,pc1,1,stock-05af0d2b1,dc8ccf8a,,,,,100,stock,"{""bare"":""1""}",--spec-type draft-mtp -c 1024
2026-10-01 01:00:10,b6be17dae,11663,77.238,30.24,,Qwen3.8-27B-MTP-Q5_K_M.gguf,--spec-type draft-mtp,t100,pc1,1,autotune,dc8ccf8a,,,,,100,fork,"{""bare"":""1""}",--spec-type draft-mtp -c 1024
2026-10-01 01:00:28,05af0d2b1,11302,77.855,30.083,,Qwen3.8-27B-MTP-Q5_K_M.gguf,--spec-type draft-mtp,t100,pc1,1,stock-05af0d2b1,dc8ccf8a,,,,,100,stock,"{""bare"":""1""}",--spec-type draft-mtp -c 1024
2026-10-01 01:28:39,b6be17dae,11663,153.324,50.648,,Qwen3.6-35B-A3B-GSQ-hybrid.gguf,,t100,pc1,1,autotune,65897ba9,,,,,100,fork,"{""bare"":""1""}",-c 1024
2026-10-01 01:28:50,05af0d2b1,11302,154.46,51.388,,Qwen3.6-35B-A3B-GSQ-hybrid.gguf,,t100,pc1,1,stock-05af0d2b1,65897ba9,,,,,100,stock,"{""bare"":""1""}",-c 1024
2026-10-01 01:29:02,b6be17dae,11663,153.964,50.741,,Qwen3.6-35B-A3B-GSQ-hybrid.gguf,,t100,pc1,1,autotune,65897ba9,,,,,100,fork,"{""bare"":""1""}",-c 1024
2026-10-01 01:29:13,05af0d2b1,11302,154.704,48.993,,Qwen3.6-35B-A3B-GSQ-hybrid.gguf,,t100,pc1,1,stock-05af0d2b1,65897ba9,,,,,100,stock,"{""bare"":""1""}",-c 1024
2026-10-01 01:35:14,e27a97108,11664,153.781,48.687,,Qwen3.6-35B-A3B-GSQ-hybrid.gguf,,t100,pc1,1,autotune,65897ba9,,,,,100,fork,"{""bare"":""1""}",-c 1024
2026-10-01 01:35:30,05af0d2b1,11302,154.315,49.443,,Qwen3.6-35B-A3B-GSQ-hybrid.gguf,,t100,pc1,1,stock-05af0d2b1,65897ba9,,,,,100,stock,"{""bare"":""1""}",-c 1024
2026-10-01 01:35:42,e27a97108,11664,153.602,50.208,,Qwen3.6-35B-A3B-GSQ-hybrid.gguf,,t100,pc1,1,autotune,65897ba9,,,,,100,fork,"{""bare"":""1""}",-c 1024
2026-10-01 01:35:53,05af0d2b1,11302,154.471,50.153,,Qwen3.6-35B-A3B-GSQ-hybrid.gguf,,t100,pc1,1,stock-05af0d2b1,65897ba9,,,,,100,stock,"{""bare"":""1""}",-c 1024
2026-10-01 10:22:25,a840c4e38,11699,153.985,49.201,,Qwen3.6-35B-A3B-GSQ-hybrid.gguf,,t100,pc1,1,autotune,65897ba9,,,,,100,fork,"{""bare"":""1""}",-c 1024
2026-10-01 10:22:36,a840c4e38,11699,154.015,49.058,,Qwen3.6-35B-A3B-GSQ-hybrid.gguf,,t100,pc1,1,autotune,65897ba9,,,,,100,fork,"{""bare"":""1""}",-c 1024
2026-10-01 10:22:48,a840c4e38,11699,153.417,50.008,,Qwen3.6-35B-A3B-GSQ-hybrid.gguf,--moe cache=0,t100,pc1,1,autotune,65897ba9,,,,,100,fork,"{""bare"":""1""}",--moe cache=0 -c 1024
2026-10-01 10:22:59,a840c4e38,11699,154.357,49.387,,Qwen3.6-35B-A3B-GSQ-hybrid.gguf,-at off,t100,pc1,1,autotune,65897ba9,,,,,100,fork,"{""bare"":""1""}",-at off -c 1024
2026-10-01 10:23:12,05af0d2b1,11302,155.097,49.259,,Qwen3.6-35B-A3B-GSQ-hybrid.gguf,,t100,pc1,1,stock-05af0d2b1,65897ba9,,,,,100,stock,"{""bare"":""1""}",-c 1024
2026-10-01 10:23:24,a840c4e38,11699,154.307,48.719,,Qwen3.6-35B-A3B-GSQ-hybrid.gguf,,t100,pc1,1,autotune,65897ba9,,,,,100,fork,"{""bare"":""1""}",-c 1024
2026-10-01 10:23:35,a840c4e38,11699,154.154,49.454,,Qwen3.6-35B-A3B-GSQ-hybrid.gguf,--moe cache=0,t100,pc1,1,autotune,65897ba9,,,,,100,fork,"{""bare"":""1""}",--moe cache=0 -c 1024
2026-10-01 10:23:47,a840c4e38,11699,154.272,50.48,,Qwen3.6-35B-A3B-GSQ-hybrid.gguf,-at off,t100,pc1,1,autotune,65897ba9,,,,,100,fork,"{""bare"":""1""}",-at off -c 1024
2026-10-01 10:23:58,05af0d2b1,11302,154.865,49.942,,Qwen3.6-35B-A3B-GSQ-hybrid.gguf,,t100,pc1,1,stock-05af0d2b1,65897ba9,,,,,100,stock,"{""bare"":""1""}",-c 1024
2026-10-01 10:24:21,a840c4e38,11699,45.062,29.882,,Qwen3.8-27B-IQ4_NL.gguf,,t100,pc1,1,autotune,9b6c6ed9,,,,,100,fork,"{""bare"":""1""}",-c 1024
2026-10-01 10:24:38,a840c4e38,11699,44.997,29.538,,Qwen3.8-27B-IQ4_NL.gguf,,t100,pc1,1,autotune,9b6c6ed9,,,,,100,fork,"{""bare"":""1""}",-c 1024
2026-10-01 10:24:55,a840c4e38,11699,45.031,29.622,,Qwen3.8-27B-IQ4_NL.gguf,--moe cache=0,t100,pc1,1,autotune,9b6c6ed9,,,,,100,fork,"{""bare"":""1""}",--moe cache=0 -c 1024
2026-10-01 10:25:12,a840c4e38,11699,45.1,29.237,,Qwen3.8-27B-IQ4_NL.gguf,-at off,t100,pc1,1,autotune,9b6c6ed9,,,,,100,fork,"{""bare"":""1""}",-at off -c 1024
2026-10-01 10:25:30,05af0d2b1,11302,44.986,29.39,,Qwen3.8-27B-IQ4_NL.gguf,,t100,pc1,1,stock-05af0d2b1,9b6c6ed9,,,,,100,stock,"{""bare"":""1""}",-c 1024
2026-10-01 10:25:47,a840c4e38,11699,45.1,29.625,,Qwen3.8-27B-IQ4_NL.gguf,,t100,pc1,1,autotune,9b6c6ed9,,,,,100,fork,"{""bare"":""1""}",-c 1024
2026-10-01 10:26:04,a840c4e38,11699,45.07,29.41,,Qwen3.8-27B-IQ4_NL.gguf,--moe cache=0,t100,pc1,1,autotune,9b6c6ed9,,,,,100,fork,"{""bare"":""1""}",--moe cache=0 -c 1024
2026-10-01 10:26:21,a840c4e38,11699,45.048,29.348,,Qwen3.8-27B-IQ4_NL.gguf,-at off,t100,pc1,1,autotune,9b6c6ed9,,,,,100,fork,"{""bare"":""1""}",-at off -c 1024
2026-10-01 10:26:38,05af0d2b1,11302,44.943,29.446,,Qwen3.8-27B-IQ4_NL.gguf,,t100,pc1,1,stock-05af0d2b1,9b6c6ed9,,,,,100,stock,"{""bare"":""1""}",-c 1024
2026-10-01 10:27:47,05af0d2b1,11302,44.775,29.882,,Qwen3.8-Flash-Next-GSQ-RCO-IQ3_S-00001-of-00002.gguf,,t100,pc1,1,stock-05af0d2b1,f3a8155f,,,,,100,stock,"{""bare"":""1""}",-c 1024
2026-10-01 10:28:36,05af0d2b1,11302,44.184,29.3,,Qwen3.8-Flash-Next-GSQ-RCO-IQ3_S-00001-of-00002.gguf,,t100,pc1,1,stock-05af0d2b1,f3a8155f,,,,,100,stock,"{""bare"":""1""}",-c 1024
2026-10-01 10:29:25,05af0d2b1,11302,43.64,29.466,,Qwen3.8-Flash-Next-GSQ-RCO-IQ3_S-00001-of-00002.gguf,,t100,pc1,1,stock-05af0d2b1,f3a8155f,,,,,100,stock,"{""bare"":""1""}",-c 1024
2026-10-01 10:30:16,a840c4e38,11699,45.658,30.317,,Qwen3.8-Flash-Next-GSQ-RCO-IQ3_S-00001-of-00002.gguf,--moe cache=0,t100,pc1,1,autotune,f3a8155f,,,,,100,fork,"{""bare"":""1""}",--moe cache=0 -c 1024
2026-10-01 10:31:06,a840c4e38,11699,45.545,30.278,,Qwen3.8-Flash-Next-GSQ-RCO-IQ3_S-00001-of-00002.gguf,--moe cache=0,t100,pc1,1,autotune,f3a8155f,,,,,100,fork,"{""bare"":""1""}",--moe cache=0 -c 1024
2026-10-01 10:32:59,a840c4e38,11699,,,,Qwen3.8-Flash-Next-GSQ-RCO-IQ3_S-00001-of-00002.gguf,-at off,t100,pc1,0,autotune,,,"server exited: /s (saturated by 2 threads), RAM budget 45.2 GB/s
0.44.116.319 W moe-cache: 25 layers on slower-link GPUs: always-hot experts 0.0/layer, pinned 0.0/layer, min stay 0 steps
0.44.116.352 W operator(): MoE expert cache enabled: 48 layers, slots/layer 422..453, 2 inserts/step, 41056.4 MiB",,,,fork,"{""bare"":""1""}",
2026-10-01 10:35:01,a840c4e38,11699,,,,Qwen3.8-Flash-Next-GSQ-RCO-IQ3_S-00001-of-00002.gguf,-at off,t100,pc1,0,autotune,,,"server exited: /s (saturated by 2 threads), RAM budget 45.2 GB/s
0.44.030.056 W moe-cache: 25 layers on slower-link GPUs: always-hot experts 0.0/layer, pinned 0.0/layer, min stay 0 steps
0.44.030.091 W operator(): MoE expert cache enabled: 48 layers, slots/layer 422..453, 2 inserts/step, 41056.4 MiB",,,,fork,"{""bare"":""1""}",
2026-10-01 10:40:00,ebb1774ee,11703,57.941,32.365,98.1,Qwen3.8-Flash-Next-GSQ-RCO-IQ3_S-00001-of-00002.gguf,-at off,t100,pc1,1,autotune,f3a8155f,,,,,100,fork,"{""bare"":""1""}",-at off -c 1024
2026-09-30 20:46:00,34557c12c,11648,57.7,94.6,,qwen36.gguf (Qwen3.6-35B-A3B Q2_0) W10 RTX4060 8GB,,cli-t100,pc3,1,rel-b11648-win,,,"W10 cli tetris -n 100 -c 1024 --temp 0, per run; imported, run 1",,,,fork,,
2026-09-30 20:58:00,34557c12c,11648,58.2,108.6,,qwen36.gguf (Qwen3.6-35B-A3B Q2_0) W10 RTX4060 8GB,,cli-t100,pc3,1,rel-b11648-win,,,"W10 cli tetris -n 100 -c 1024 --temp 0, per run; imported, run 1",,,,fork,,
2026-09-30 20:58:00,34557c12c,11648,59.2,104.5,,qwen36.gguf (Qwen3.6-35B-A3B Q2_0) W10 RTX4060 8GB,,cli-t100,pc3,1,rel-b11648-win,,,"W10 cli tetris -n 100 -c 1024 --temp 0, per run; imported, run 2",,,,fork,,
2026-09-30 20:58:00,34557c12c,11648,59.4,99.8,,qwen36.gguf (Qwen3.6-35B-A3B Q2_0) W10 RTX4060 8GB,,cli-t100,pc3,1,rel-b11648-win,,,"W10 cli tetris -n 100 -c 1024 --temp 0, per run; imported, run 3",,,,fork,,
2026-09-30 20:58:00,b5cf8ce02,11261,29.9,43.3,,qwen36.gguf (Qwen3.6-35B-A3B Q2_0) W10 RTX4060 8GB,,cli-t100,pc3,1,stock-b5cf8ce02-win,,,"W10 cli tetris -n 100 -c 1024 --temp 0, per run; imported, run 1",,,,stock,,
2026-09-30 20:58:00,b5cf8ce02,11261,27.7,40.2,,qwen36.gguf (Qwen3.6-35B-A3B Q2_0) W10 RTX4060 8GB,,cli-t100,pc3,1,stock-b5cf8ce02-win,,,"W10 cli tetris -n 100 -c 1024 --temp 0, per run; imported, run 2",,,,stock,,
2026-09-30 20:58:00,b5cf8ce02,11261,29.2,40.9,,qwen36.gguf (Qwen3.6-35B-A3B Q2_0) W10 RTX4060 8GB,,cli-t100,pc3,1,stock-b5cf8ce02-win,,,"W10 cli tetris -n 100 -c 1024 --temp 0, per run; imported, run 3",,,,stock,,
2026-09-30 20:59:00,34557c12c,11648,11.9,5,,Qwen3.8-Flash-Next-GSQ-RCO-IQ1_M (W10 RTX4060 8GB),,cli-t100,pc3,1,rel-b11648-win,,,"W10 cli tetris -n 100 -c 1024 --temp 0, per run; imported, run 1",,,,fork,,
2026-09-30 20:59:00,34557c12c,11648,13.5,5.8,,Qwen3.8-Flash-Next-GSQ-RCO-IQ1_M (W10 RTX4060 8GB),,cli-t100,pc3,1,rel-b11648-win,,,"W10 cli tetris -n 100 -c 1024 --temp 0, per run; imported, run 2",,,,fork,,
2026-09-30 20:59:00,34557c12c,11648,13.5,5.9,,Qwen3.8-Flash-Next-GSQ-RCO-IQ1_M (W10 RTX4060 8GB),,cli-t100,pc3,1,rel-b11648-win,,,"W10 cli tetris -n 100 -c 1024 --temp 0, per run; imported, run 3",,,,fork,,
2026-09-30 20:59:00,b5cf8ce02,11261,11.3,16.1,,Qwen3.8-Flash-Next-GSQ-RCO-IQ1_M (W10 RTX4060 8GB),,cli-t100,pc3,1,stock-b5cf8ce02-win,,,"W10 cli tetris -n 100 -c 1024 --temp 0, per run; imported, run 1",,,,stock,,
2026-09-30 20:59:00,b5cf8ce02,11261,11.3,15.7,,Qwen3.8-Flash-Next-GSQ-RCO-IQ1_M (W10 RTX4060 8GB),,cli-t100,pc3,1,stock-b5cf8ce02-win,,,"W10 cli tetris -n 100 -c 1024 --temp 0, per run; imported, run 2",,,,stock,,
2026-09-30 20:59:00,b5cf8ce02,11261,11.5,15.4,,Qwen3.8-Flash-Next-GSQ-RCO-IQ1_M (W10 RTX4060 8GB),,cli-t100,pc3,1,stock-b5cf8ce02-win,,,"W10 cli tetris -n 100 -c 1024 --temp 0, per run; imported, run 3",,,,stock,,
2026-10-01 01:20:00,b6be17dae,11663,57.5,88,,qwen36.gguf (Qwen3.6-35B-A3B Q2_0) W10 RTX4060 8GB,,cli-t100,pc3,1,rel-b11663-win,,,"W10 cli tetris -n 100 -c 1024 --temp 0, per run; imported, run 1",,,,fork,,
2026-10-01 01:20:00,b6be17dae,11663,50.3,80.2,,qwen36.gguf (Qwen3.6-35B-A3B Q2_0) W10 RTX4060 8GB,,cli-t100,pc3,1,rel-b11663-win,,,"W10 cli tetris -n 100 -c 1024 --temp 0, per run; imported, run 2",,,,fork,,
2026-10-01 01:20:00,b6be17dae,11663,56.7,107.5,,qwen36.gguf (Qwen3.6-35B-A3B Q2_0) W10 RTX4060 8GB,,cli-t100,pc3,1,rel-b11663-win,,,"W10 cli tetris -n 100 -c 1024 --temp 0, per run; imported, run 3",,,,fork,,
2026-10-01 01:40:00,e27a97108,11664,52.1,47.8,,qwen36.gguf (Qwen3.6-35B-A3B Q2_0) W10 RTX4060 8GB,,cli-t100,pc3,1,rel-b11664-win,,,"W10 cli tetris -n 100 -c 1024 --temp 0, per run; imported, run 1",,,,fork,,
2026-10-01 01:40:00,e27a97108,11664,50.1,79.1,,qwen36.gguf (Qwen3.6-35B-A3B Q2_0) W10 RTX4060 8GB,,cli-t100,pc3,1,rel-b11664-win,,,"W10 cli tetris -n 100 -c 1024 --temp 0, per run; imported, run 2",,,,fork,,
2026-10-01 01:40:00,e27a97108,11664,56.4,114.3,,qwen36.gguf (Qwen3.6-35B-A3B Q2_0) W10 RTX4060 8GB,,cli-t100,pc3,1,rel-b11664-win,,,"W10 cli tetris -n 100 -c 1024 --temp 0, per run; imported, run 3",,,,fork,,
2026-10-01 01:50:00,e27a97108,11664,56.4,109.1,,qwen36.gguf (Qwen3.6-35B-A3B Q2_0) W10 RTX4060 8GB,,cli-t100,pc3,1,rel-b11664-win,,,"W10 cli -lv 3 run (cache on, hit 96%, 5 decode / 7 batch threads); imported, run 1",,,,fork,,
2026-09-30 21:03:00,34557c12c,11648,11.3,37.6,,qwen36.gguf (Qwen3.6-35B-A3B Q2_0),,cli-t100,pc2,1,rel-b11648-cpu,,,"pc2 CPU-only Ryzen 5 3600, cli tetris -n 100 -c 1024 --temp 0, run 1; imported",,,,fork,,
2026-09-30 21:03:00,34557c12c,11648,11.3,37.6,,qwen36.gguf (Qwen3.6-35B-A3B Q2_0),,cli-t100,pc2,1,rel-b11648-cpu,,,"pc2 CPU-only Ryzen 5 3600, cli tetris -n 100 -c 1024 --temp 0, run 2; imported",,,,fork,,
2026-09-30 21:03:00,05af0d2b1,11302,6.3,10.2,,qwen36.gguf (Qwen3.6-35B-A3B Q2_0),,cli-t100,pc2,1,stock-05af0d2b1,,,"pc2 CPU-only Ryzen 5 3600, cli tetris -n 100 -c 1024 --temp 0, run 1; imported",,,,stock,,
2026-09-30 21:03:00,05af0d2b1,11302,6.3,10.2,,qwen36.gguf (Qwen3.6-35B-A3B Q2_0),,cli-t100,pc2,1,stock-05af0d2b1,,,"pc2 CPU-only Ryzen 5 3600, cli tetris -n 100 -c 1024 --temp 0, run 2; imported",,,,stock,,
2026-09-30 21:08:00,34557c12c,11648,1.6,5.8,,Qwen3.8-27B-GSQ-RCO-IQ3_S-mtp.gguf,,cli-t100,pc2,1,rel-b11648-cpu,,,"pc2 CPU-only Ryzen 5 3600, cli tetris -n 100 -c 1024 --temp 0, run 1; imported",,,,fork,,
2026-09-30 21:08:00,34557c12c,11648,1.6,5.8,,Qwen3.8-27B-GSQ-RCO-IQ3_S-mtp.gguf,,cli-t100,pc2,1,rel-b11648-cpu,,,"pc2 CPU-only Ryzen 5 3600, cli tetris -n 100 -c 1024 --temp 0, run 2; imported",,,,fork,,
2026-09-30 21:08:00,05af0d2b1,11302,1.7,6,,Qwen3.8-27B-GSQ-RCO-IQ3_S-mtp.gguf,,cli-t100,pc2,1,stock-05af0d2b1,,,"pc2 CPU-only Ryzen 5 3600, cli tetris -n 100 -c 1024 --temp 0, run 1; imported",,,,stock,,
2026-09-30 21:08:00,05af0d2b1,11302,1.7,6,,Qwen3.8-27B-GSQ-RCO-IQ3_S-mtp.gguf,,cli-t100,pc2,1,stock-05af0d2b1,,,"pc2 CPU-only Ryzen 5 3600, cli tetris -n 100 -c 1024 --temp 0, run 2; imported",,,,stock,,
2026-10-01 01:50:39,e27a97108,11664,5.8,5.8,,GLM-5.3-Flash-GSQ-RCO-3.5bit.gguf,,cli-t100-lv3,pc1,1,rel-b11664,,,"llama-cli -lv 3, run 1 of 5; moe cache on, hit 69.1% this reply / 67.9% overall, margin 0 gate 3 wait 1 big 0 predict 1 | threads 4 decode / 6 batch, batch 1024, ubatch 1024; imported",,,,fork,,
2026-10-01 01:51:28,e27a97108,11664,9.4,16,,GLM-5.3-Flash-GSQ-RCO-3.5bit.gguf,,cli-t100-lv3,pc1,1,rel-b11664,,,"llama-cli -lv 3, run 2 of 5; moe cache on, hit 70.0% this reply / 68.9% overall, margin 0 gate 3 wait 1 big 0 predict 1 | threads 4 decode / 6 batch, batch 1024, ubatch 1024; imported",,,,fork,,
2026-10-01 01:52:47,e27a97108,11664,9.1,8.1,,GLM-5.3-Flash-GSQ-RCO-3.5bit.gguf,,cli-t100-lv3,pc1,1,rel-b11664,,,"llama-cli -lv 3, run 3 of 5; moe cache on, hit 71.6% this reply / 70.4% overall, margin 0 gate 3 wait 1 big 0 predict 1 | threads 4 decode / 6 batch, batch 1024, ubatch 1024; imported",,,,fork,,
2026-10-01 01:53:51,e27a97108,11664,9.8,7,,GLM-5.3-Flash-GSQ-RCO-3.5bit.gguf,,cli-t100-lv3,pc1,1,rel-b11664,,,"llama-cli -lv 3, run 4 of 5; moe cache on, hit 71.6% this reply / 70.4% overall, margin 0 gate 3 wait 1 big 0 predict 1 | threads 4 decode / 6 batch, batch 1024, ubatch 1024; imported",,,,fork,,
2026-10-01 01:54:46,e27a97108,11664,9.1,8.7,,GLM-5.3-Flash-GSQ-RCO-3.5bit.gguf,,cli-t100-lv3,pc1,1,rel-b11664,,,"llama-cli -lv 3, run 5 of 5; moe cache on, hit 72.5% this reply / 71.3% overall, margin 0 gate 3 wait 1 big 0 predict 1 | threads 4 decode / 6 batch, batch 1024, ubatch 1024; imported",,,,fork,,
2026-10-01 01:54:59,e27a97108,11664,44.8,159.7,,Qwen3.8-27B-IQ4_NL.gguf,,cli-t100-lv3,pc1,1,rel-b11664,,,"llama-cli -lv 3, run 1 of 5; moe cache off | threads 6 decode / 8 batch, batch 1024, ubatch 512; imported",,,,fork,,
2026-10-01 01:55:06,e27a97108,11664,44.9,168.8,,Qwen3.8-27B-IQ4_NL.gguf,,cli-t100-lv3,pc1,1,rel-b11664,,,"llama-cli -lv 3, run 2 of 5; moe cache off | threads 6 decode / 8 batch, batch 1024, ubatch 512; imported",,,,fork,,
2026-10-01 01:55:14,e27a97108,11664,44.9,170.2,,Qwen3.8-27B-IQ4_NL.gguf,,cli-t100-lv3,pc1,1,rel-b11664,,,"llama-cli -lv 3, run 3 of 5; moe cache off | threads 6 decode / 8 batch, batch 1024, ubatch 512; imported",,,,fork,,
2026-10-01 01:43:21,e27a97108,11664,66.9,130.6,,Qwen3.8-Flash-Next-GSQ-RCO-IQ1_M-00001-of-00002.gguf,,cli-t100-lv3,pc1,1,rel-b11664,,,"llama-cli -lv 3, run 1 of 5; moe cache off | threads 4 decode / 6 batch, batch 1024, ubatch 1024; imported",,,,fork,,
2026-10-01 01:43:50,e27a97108,11664,57.1,82.1,,Qwen3.8-Flash-Next-GSQ-RCO-IQ1_M-00001-of-00002.gguf,,cli-t100-lv3,pc1,1,rel-b11664,,,"llama-cli -lv 3, run 2 of 5; moe cache on, hit 99.9% this reply / 98.2% overall, margin 0 gate 3 wait 1 big 0 predict 1 | threads 4 decode / 6 batch, batch 1024, ubatch 1024; imported",,,,fork,,
2026-10-01 01:44:02,e27a97108,11664,68,138.1,,Qwen3.8-Flash-Next-GSQ-RCO-IQ1_M-00001-of-00002.gguf,,cli-t100-lv3,pc1,1,rel-b11664,,,"llama-cli -lv 3, run 3 of 5; moe cache off | threads 4 decode / 6 batch, batch 1024, ubatch 1024; imported",,,,fork,,
2026-10-01 01:44:30,e27a97108,11664,57.5,81.8,,Qwen3.8-Flash-Next-GSQ-RCO-IQ1_M-00001-of-00002.gguf,,cli-t100-lv3,pc1,1,rel-b11664,,,"llama-cli -lv 3, run 4 of 5; moe cache on, hit 100.0% this reply / 98.3% overall, margin 0 gate 3 wait 1 big 0 predict 1 | threads 4 decode / 6 batch, batch 1024, ubatch 1024; imported",,,,fork,,
2026-10-01 01:44:42,e27a97108,11664,68.1,137,,Qwen3.8-Flash-Next-GSQ-RCO-IQ1_M-00001-of-00002.gguf,,cli-t100-lv3,pc1,1,rel-b11664,,,"llama-cli -lv 3, run 5 of 5; moe cache off | threads 4 decode / 6 batch, batch 1024, ubatch 1024; imported",,,,fork,,
2026-10-01 01:45:40,e27a97108,11664,56.4,72.8,,Qwen3.8-Flash-Next-GSQ-RCO-IQ3_S-00001-of-00002.gguf,,cli-t100-lv3,pc1,1,rel-b11664,,,"llama-cli -lv 3, run 1 of 5; moe cache on, hit 99.8% this reply / 98.2% overall, margin 0 gate 3 wait 1 big 0 predict 1 | threads 4 decode / 6 batch, batch 1024, ubatch 1024; imported",,,,fork,,
2026-10-01 01:46:15,e27a97108,11664,40.9,91.1,,Qwen3.8-Flash-Next-GSQ-RCO-IQ3_S-00001-of-00002.gguf,,cli-t100-lv3,pc1,1,rel-b11664,,,"llama-cli -lv 3, run 2 of 5; moe cache off | threads 4 decode / 6 batch, batch 1024, ubatch 1024; imported",,,,fork,,
2026-10-01 01:47:13,e27a97108,11664,56.7,72.5,,Qwen3.8-Flash-Next-GSQ-RCO-IQ3_S-00001-of-00002.gguf,,cli-t100-lv3,pc1,1,rel-b11664,,,"llama-cli -lv 3, run 3 of 5; moe cache on, hit 100.0% this reply / 98.3% overall, margin 0 gate 3 wait 1 big 0 predict 1 | threads 4 decode / 6 batch, batch 1024, ubatch 1024; imported",,,,fork,,
2026-10-01 01:48:13,e27a97108,11664,56.1,71.9,,Qwen3.8-Flash-Next-GSQ-RCO-IQ3_S-00001-of-00002.gguf,,cli-t100-lv3,pc1,1,rel-b11664,,,"llama-cli -lv 3, run 4 of 5; moe cache on, hit 100.0% this reply / 98.3% overall, margin 0 gate 3 wait 1 big 0 predict 1 | threads 4 decode / 6 batch, batch 1024, ubatch 1024; imported",,,,fork,,
2026-10-01 01:49:11,e27a97108,11664,56.8,72.2,,Qwen3.8-Flash-Next-GSQ-RCO-IQ3_S-00001-of-00002.gguf,,cli-t100-lv3,pc1,1,rel-b11664,,,"llama-cli -lv 3, run 5 of 5; moe cache on, hit 100.0% this reply / 98.3% overall, margin 0 gate 3 wait 1 big 0 predict 1 | threads 4 decode / 6 batch, batch 1024, ubatch 1024; imported",,,,fork,,
2026-10-01 10:45:20,def4d406a,11325,43.682,29.708,,Qwen3.8-Flash-Next-GSQ-RCO-IQ3_S-00001-of-00002.gguf,,t100,pc1,1,stock-def4d406a,f3a8155f,,,,,100,stock,"{""bare"":""1""}",-c 1024
2026-10-01 10:50:24,ebb1774ee,11703,154.807,48.83,,Qwen3.6-35B-A3B-GSQ-hybrid.gguf,,t100,pc1,1,autotune,65897ba9,runpy-smoke,,,,100,fork,"{""bare"":""1""}",-c 1024
2026-10-01 10:50:34,ebb1774ee,11703,154.77,49.537,,Qwen3.6-35B-A3B-GSQ-hybrid.gguf,--moe cache=0,t100,pc1,1,autotune,65897ba9,runpy-smoke,,,,100,fork,"{""bare"":""1""}",--moe cache=0 -c 1024
2026-10-01 10:50:45,def4d406a,11325,155.014,47.919,,Qwen3.6-35B-A3B-GSQ-hybrid.gguf,,t100,pc1,1,stock-def4d406a,65897ba9,runpy-smoke,,,,100,stock,"{""bare"":""1""}",-c 1024
2026-10-01 10:50:55,ebb1774ee,11703,154.433,51.04,,Qwen3.6-35B-A3B-GSQ-hybrid.gguf,,t100,pc1,1,autotune,65897ba9,runpy-smoke,,,,100,fork,"{""bare"":""1""}",-c 1024
2026-10-01 10:51:06,ebb1774ee,11703,154.217,49.164,,Qwen3.6-35B-A3B-GSQ-hybrid.gguf,--moe cache=0,t100,pc1,1,autotune,65897ba9,runpy-smoke,,,,100,fork,"{""bare"":""1""}",--moe cache=0 -c 1024
2026-10-01 10:51:16,def4d406a,11325,154.656,48.425,,Qwen3.6-35B-A3B-GSQ-hybrid.gguf,,t100,pc1,1,stock-def4d406a,65897ba9,runpy-smoke,,,,100,stock,"{""bare"":""1""}",-c 1024
2026-10-01 10:53:15,34557c12c,11648,11.3,36.8,,qwen36.gguf,,cli-t100,pc2,1,autotune,,runpy-pc2,,,,,fork,"{""bare"":""1""}",
2026-10-01 10:53:38,34557c12c,11648,11.3,36.8,,qwen36.gguf,--moe cache=0,cli-t100,pc2,1,autotune,,runpy-pc2,,,,,fork,"{""bare"":""1""}",--moe cache=0
2026-10-01 10:54:18,,,6.3,10.2,,qwen36.gguf,,cli-t100,pc2,1,stock,,runpy-pc2,,,,,stock,"{""bare"":""1""}",
2026-10-01 11:02:05,ebb1774ee,11703,56.807,30.889,98.1,Qwen3.8-Flash-Next-GSQ-RCO-IQ3_S-00001-of-00002.gguf,,t100,pc1,1,autotune,f3a8155f,big-models-cold-b11703,"first runs, no discarded run; b11703 ebb1774ee vs stock def4d406a",,,100,fork,"{""bare"":""1""}",-c 1024
2026-10-01 11:02:38,ebb1774ee,11703,45.926,30.179,,Qwen3.8-Flash-Next-GSQ-RCO-IQ3_S-00001-of-00002.gguf,--moe cache=0,t100,pc1,1,autotune,f3a8155f,big-models-cold-b11703,"first runs, no discarded run; b11703 ebb1774ee vs stock def4d406a",,,100,fork,"{""bare"":""1""}",--moe cache=0 -c 1024
2026-10-01 11:03:28,ebb1774ee,11703,56.908,29.927,98.1,Qwen3.8-Flash-Next-GSQ-RCO-IQ3_S-00001-of-00002.gguf,-at off,t100,pc1,1,autotune,f3a8155f,big-models-cold-b11703,"first runs, no discarded run; b11703 ebb1774ee vs stock def4d406a",,,100,fork,"{""bare"":""1""}",-at off -c 1024
2026-10-01 11:04:01,def4d406a,11325,43.144,29.044,,Qwen3.8-Flash-Next-GSQ-RCO-IQ3_S-00001-of-00002.gguf,,t100,pc1,1,stock-def4d406a,f3a8155f,big-models-cold-b11703,"first runs, no discarded run; b11703 ebb1774ee vs stock def4d406a",,,100,stock,"{""bare"":""1""}",-c 1024
2026-10-01 11:04:49,ebb1774ee,11703,57.393,30.424,98.1,Qwen3.8-Flash-Next-GSQ-RCO-IQ3_S-00001-of-00002.gguf,,t100,pc1,1,autotune,f3a8155f,big-models-cold-b11703,"first runs, no discarded run; b11703 ebb1774ee vs stock def4d406a",,,100,fork,"{""bare"":""1""}",-c 1024
2026-10-01 11:05:24,ebb1774ee,11703,45.571,30.461,,Qwen3.8-Flash-Next-GSQ-RCO-IQ3_S-00001-of-00002.gguf,--moe cache=0,t100,pc1,1,autotune,f3a8155f,big-models-cold-b11703,"first runs, no discarded run; b11703 ebb1774ee vs stock def4d406a",,,100,fork,"{""bare"":""1""}",--moe cache=0 -c 1024
2026-10-01 11:06:12,ebb1774ee,11703,57.784,31.927,98.1,Qwen3.8-Flash-Next-GSQ-RCO-IQ3_S-00001-of-00002.gguf,-at off,t100,pc1,1,autotune,f3a8155f,big-models-cold-b11703,"first runs, no discarded run; b11703 ebb1774ee vs stock def4d406a",,,100,fork,"{""bare"":""1""}",-at off -c 1024
2026-10-01 11:06:44,def4d406a,11325,44.689,29.549,,Qwen3.8-Flash-Next-GSQ-RCO-IQ3_S-00001-of-00002.gguf,,t100,pc1,1,stock-def4d406a,f3a8155f,big-models-cold-b11703,"first runs, no discarded run; b11703 ebb1774ee vs stock def4d406a",,,100,stock,"{""bare"":""1""}",-c 1024
2026-10-01 11:08:44,ebb1774ee,11703,20.648,6.566,86.4,GLM-5.3-Flash-GSQ-RCO-3.5bit.gguf,,t100,pc1,1,autotune,91f887cc,big-models-cold-b11703,"resumed after the csv switch; first runs, no discarded run | pageable uploads",,,100,fork,"{""bare"":""1""}",-c 1024
2026-10-01 11:09:54,ebb1774ee,11703,8.253,5.901,,GLM-5.3-Flash-GSQ-RCO-3.5bit.gguf,--moe cache=0,t100,pc1,1,autotune,91f887cc,big-models-cold-b11703,"resumed after the csv switch; first runs, no discarded run",,,100,fork,"{""bare"":""1""}",--moe cache=0 -c 1024
2026-10-01 11:10:35,ebb1774ee,11703,21.113,7.811,86.8,GLM-5.3-Flash-GSQ-RCO-3.5bit.gguf,-at off,t100,pc1,1,autotune,91f887cc,big-models-cold-b11703,"resumed after the csv switch; first runs, no discarded run | pageable uploads",,,100,fork,"{""bare"":""1""}",-at off -c 1024
2026-10-01 11:11:41,def4d406a,11325,5.315,2.627,,GLM-5.3-Flash-GSQ-RCO-3.5bit.gguf,,t100,pc1,1,stock-def4d406a,91f887cc,big-models-cold-b11703,"resumed after the csv switch; first runs, no discarded run",,,100,stock,"{""bare"":""1""}",-c 1024
2026-10-01 11:12:31,ebb1774ee,11703,9.567,5.321,69.1,GLM-5.3-Flash-GSQ-RCO-3.5bit.gguf,,t100,pc1,1,autotune,6cb689e6,big-models-cold-b11703,"resumed after the csv switch; first runs, no discarded run | pageable uploads",,,100,fork,"{""bare"":""1""}",-c 1024
2026-10-01 11:13:32,ebb1774ee,11703,6.639,3.004,,GLM-5.3-Flash-GSQ-RCO-3.5bit.gguf,--moe cache=0,t100,pc1,1,autotune,91f887cc,big-models-cold-b11703,"resumed after the csv switch; first runs, no discarded run",,,100,fork,"{""bare"":""1""}",--moe cache=0 -c 1024
2026-10-01 11:14:23,ebb1774ee,11703,11.189,9.213,68.2,GLM-5.3-Flash-GSQ-RCO-3.5bit.gguf,-at off,t100,pc1,1,autotune,20246196,big-models-cold-b11703,"resumed after the csv switch; first runs, no discarded run | pageable uploads",,,100,fork,"{""bare"":""1""}",-at off -c 1024
2026-10-01 11:15:22,def4d406a,11325,8.529,4.575,,GLM-5.3-Flash-GSQ-RCO-3.5bit.gguf,,t100,pc1,1,stock-def4d406a,91f887cc,big-models-cold-b11703,"resumed after the csv switch; first runs, no discarded run",,,100,stock,"{""bare"":""1""}",-c 1024
2026-10-01 11:15:40,ebb1774ee,11703,66.692,35.808,,Qwen3.8-Flash-Next-GSQ-RCO-IQ1_M-00001-of-00002.gguf,,t100,pc1,1,autotune,56be7ba6,big-models-cold-b11703,"resumed after the csv switch; first runs, no discarded run",,,100,fork,"{""bare"":""1""}",-c 1024
2026-10-01 11:15:50,ebb1774ee,11703,68.382,37.249,,Qwen3.8-Flash-Next-GSQ-RCO-IQ1_M-00001-of-00002.gguf,--moe cache=0,t100,pc1,1,autotune,56be7ba6,big-models-cold-b11703,"resumed after the csv switch; first runs, no discarded run",,,100,fork,"{""bare"":""1""}",--moe cache=0 -c 1024
2026-10-01 11:15:58,ebb1774ee,11703,68.421,37.07,,Qwen3.8-Flash-Next-GSQ-RCO-IQ1_M-00001-of-00002.gguf,-at off,t100,pc1,1,autotune,56be7ba6,big-models-cold-b11703,"resumed after the csv switch; first runs, no discarded run",,,100,fork,"{""bare"":""1""}",-at off -c 1024
2026-10-01 11:16:09,def4d406a,11325,69.1,36.433,,Qwen3.8-Flash-Next-GSQ-RCO-IQ1_M-00001-of-00002.gguf,,t100,pc1,1,stock-def4d406a,56be7ba6,big-models-cold-b11703,"resumed after the csv switch; first runs, no discarded run",,,100,stock,"{""bare"":""1""}",-c 1024
2026-10-01 11:16:17,ebb1774ee,11703,68.31,37.083,,Qwen3.8-Flash-Next-GSQ-RCO-IQ1_M-00001-of-00002.gguf,,t100,pc1,1,autotune,56be7ba6,big-models-cold-b11703,"resumed after the csv switch; first runs, no discarded run",,,100,fork,"{""bare"":""1""}",-c 1024
2026-10-01 11:16:27,ebb1774ee,11703,68.175,37.364,,Qwen3.8-Flash-Next-GSQ-RCO-IQ1_M-00001-of-00002.gguf,--moe cache=0,t100,pc1,1,autotune,56be7ba6,big-models-cold-b11703,"resumed after the csv switch; first runs, no discarded run",,,100,fork,"{""bare"":""1""}",--moe cache=0 -c 1024
2026-10-01 11:16:35,ebb1774ee,11703,68.353,37.286,,Qwen3.8-Flash-Next-GSQ-RCO-IQ1_M-00001-of-00002.gguf,-at off,t100,pc1,1,autotune,56be7ba6,big-models-cold-b11703,"resumed after the csv switch; first runs, no discarded run",,,100,fork,"{""bare"":""1""}",-at off -c 1024
2026-10-01 11:16:45,def4d406a,11325,69.029,37.613,,Qwen3.8-Flash-Next-GSQ-RCO-IQ1_M-00001-of-00002.gguf,,t100,pc1,1,stock-def4d406a,56be7ba6,big-models-cold-b11703,"resumed after the csv switch; first runs, no discarded run",,,100,stock,"{""bare"":""1""}",-c 1024
2026-10-01 11:19:14,c0e31629b,11705,154.525,49.212,,Qwen3.6-35B-A3B-GSQ-hybrid.gguf,,t100,pc1,1,autotune,65897ba9,release-b11705,,,,100,fork,"{""bare"":""1""}",-c 1024
2026-10-01 11:19:26,c0e31629b,11705,154.507,49.178,,Qwen3.6-35B-A3B-GSQ-hybrid.gguf,--moe cache=0,t100,pc1,1,autotune,65897ba9,release-b11705,,,,100,fork,"{""bare"":""1""}",--moe cache=0 -c 1024
2026-10-01 11:19:37,c0e31629b,11705,154.381,48.007,,Qwen3.6-35B-A3B-GSQ-hybrid.gguf,-at off,t100,pc1,1,autotune,65897ba9,release-b11705,,,,100,fork,"{""bare"":""1""}",-at off -c 1024
2026-10-01 11:19:49,def4d406a,11325,154.906,48.577,,Qwen3.6-35B-A3B-GSQ-hybrid.gguf,,t100,pc1,1,stock-def4d406a,65897ba9,release-b11705,,,,100,stock,"{""bare"":""1""}",-c 1024
